frame_id,source_frame_index,timestamp_seconds,image_1x,image_2x,image_4x,image_8x
frame_0001,4,0.16666666666666666,full_resolution/frame_0001.png,downsample_2x_1080x1920/frame_0001.png,downsample_4x_540x960/frame_0001.png,downsample_8x_270x480/frame_0001.png
frame_0002,12,0.5,full_resolution/frame_0002.png,downsample_2x_1080x1920/frame_0002.png,downsample_4x_540x960/frame_0002.png,downsample_8x_270x480/frame_0002.png
frame_0003,20,0.8333333333333334,full_resolution/frame_0003.png,downsample_2x_1080x1920/frame_0003.png,downsample_4x_540x960/frame_0003.png,downsample_8x_270x480/frame_0003.png
frame_0004,28,1.1666666666666667,full_resolution/frame_0004.png,downsample_2x_1080x1920/frame_0004.png,downsample_4x_540x960/frame_0004.png,downsample_8x_270x480/frame_0004.png
frame_0005,35,1.4583333333333333,full_resolution/frame_0005.png,downsample_2x_1080x1920/frame_0005.png,downsample_4x_540x960/frame_0005.png,downsample_8x_270x480/frame_0005.png
frame_0006,42,1.75,full_resolution/frame_0006.png,downsample_2x_1080x1920/frame_0006.png,downsample_4x_540x960/frame_0006.png,downsample_8x_270x480/frame_0006.png
frame_0007,52,2.1666666666666665,full_resolution/frame_0007.png,downsample_2x_1080x1920/frame_0007.png,downsample_4x_540x960/frame_0007.png,downsample_8x_270x480/frame_0007.png
frame_0008,54,2.25,full_resolution/frame_0008.png,downsample_2x_1080x1920/frame_0008.png,downsample_4x_540x960/frame_0008.png,downsample_8x_270x480/frame_0008.png
frame_0009,63,2.625,full_resolution/frame_0009.png,downsample_2x_1080x1920/frame_0009.png,downsample_4x_540x960/frame_0009.png,downsample_8x_270x480/frame_0009.png
frame_0010,67,2.7916666666666665,full_resolution/frame_0010.png,downsample_2x_1080x1920/frame_0010.png,downsample_4x_540x960/frame_0010.png,downsample_8x_270x480/frame_0010.png
frame_0011,73,3.0416666666666665,full_resolution/frame_0011.png,downsample_2x_1080x1920/frame_0011.png,downsample_4x_540x960/frame_0011.png,downsample_8x_270x480/frame_0011.png
frame_0012,79,3.2916666666666665,full_resolution/frame_0012.png,downsample_2x_1080x1920/frame_0012.png,downsample_4x_540x960/frame_0012.png,downsample_8x_270x480/frame_0012.png
frame_0013,85,3.5416666666666665,full_resolution/frame_0013.png,downsample_2x_1080x1920/frame_0013.png,downsample_4x_540x960/frame_0013.png,downsample_8x_270x480/frame_0013.png
frame_0014,88,3.6666666666666665,full_resolution/frame_0014.png,downsample_2x_1080x1920/frame_0014.png,downsample_4x_540x960/frame_0014.png,downsample_8x_270x480/frame_0014.png
frame_0015,95,3.9583333333333335,full_resolution/frame_0015.png,downsample_2x_1080x1920/frame_0015.png,downsample_4x_540x960/frame_0015.png,downsample_8x_270x480/frame_0015.png
frame_0016,99,4.125,full_resolution/frame_0016.png,downsample_2x_1080x1920/frame_0016.png,downsample_4x_540x960/frame_0016.png,downsample_8x_270x480/frame_0016.png
frame_0017,105,4.375,full_resolution/frame_0017.png,downsample_2x_1080x1920/frame_0017.png,downsample_4x_540x960/frame_0017.png,downsample_8x_270x480/frame_0017.png
frame_0018,109,4.541666666666667,full_resolution/frame_0018.png,downsample_2x_1080x1920/frame_0018.png,downsample_4x_540x960/frame_0018.png,downsample_8x_270x480/frame_0018.png
frame_0019,113,4.708333333333333,full_resolution/frame_0019.png,downsample_2x_1080x1920/frame_0019.png,downsample_4x_540x960/frame_0019.png,downsample_8x_270x480/frame_0019.png
frame_0020,122,5.083333333333333,full_resolution/frame_0020.png,downsample_2x_1080x1920/frame_0020.png,downsample_4x_540x960/frame_0020.png,downsample_8x_270x480/frame_0020.png
frame_0021,127,5.291666666666667,full_resolution/frame_0021.png,downsample_2x_1080x1920/frame_0021.png,downsample_4x_540x960/frame_0021.png,downsample_8x_270x480/frame_0021.png
frame_0022,134,5.583333333333333,full_resolution/frame_0022.png,downsample_2x_1080x1920/frame_0022.png,downsample_4x_540x960/frame_0022.png,downsample_8x_270x480/frame_0022.png
frame_0023,137,5.708333333333333,full_resolution/frame_0023.png,downsample_2x_1080x1920/frame_0023.png,downsample_4x_540x960/frame_0023.png,downsample_8x_270x480/frame_0023.png
frame_0024,141,5.875,full_resolution/frame_0024.png,downsample_2x_1080x1920/frame_0024.png,downsample_4x_540x960/frame_0024.png,downsample_8x_270x480/frame_0024.png
frame_0025,143,5.958333333333333,full_resolution/frame_0025.png,downsample_2x_1080x1920/frame_0025.png,downsample_4x_540x960/frame_0025.png,downsample_8x_270x480/frame_0025.png
frame_0026,148,6.166666666666667,full_resolution/frame_0026.png,downsample_2x_1080x1920/frame_0026.png,downsample_4x_540x960/frame_0026.png,downsample_8x_270x480/frame_0026.png
frame_0027,151,6.291666666666667,full_resolution/frame_0027.png,downsample_2x_1080x1920/frame_0027.png,downsample_4x_540x960/frame_0027.png,downsample_8x_270x480/frame_0027.png
frame_0028,157,6.541666666666667,full_resolution/frame_0028.png,downsample_2x_1080x1920/frame_0028.png,downsample_4x_540x960/frame_0028.png,downsample_8x_270x480/frame_0028.png
frame_0029,160,6.666666666666667,full_resolution/frame_0029.png,downsample_2x_1080x1920/frame_0029.png,downsample_4x_540x960/frame_0029.png,downsample_8x_270x480/frame_0029.png
frame_0030,166,6.916666666666667,full_resolution/frame_0030.png,downsample_2x_1080x1920/frame_0030.png,downsample_4x_540x960/frame_0030.png,downsample_8x_270x480/frame_0030.png
frame_0031,173,7.208333333333333,full_resolution/frame_0031.png,downsample_2x_1080x1920/frame_0031.png,downsample_4x_540x960/frame_0031.png,downsample_8x_270x480/frame_0031.png
frame_0032,174,7.25,full_resolution/frame_0032.png,downsample_2x_1080x1920/frame_0032.png,downsample_4x_540x960/frame_0032.png,downsample_8x_270x480/frame_0032.png
frame_0033,181,7.541666666666667,full_resolution/frame_0033.png,downsample_2x_1080x1920/frame_0033.png,downsample_4x_540x960/frame_0033.png,downsample_8x_270x480/frame_0033.png
frame_0034,184,7.666666666666667,full_resolution/frame_0034.png,downsample_2x_1080x1920/frame_0034.png,downsample_4x_540x960/frame_0034.png,downsample_8x_270x480/frame_0034.png
frame_0035,187,7.791666666666667,full_resolution/frame_0035.png,downsample_2x_1080x1920/frame_0035.png,downsample_4x_540x960/frame_0035.png,downsample_8x_270x480/frame_0035.png
frame_0036,195,8.125,full_resolution/frame_0036.png,downsample_2x_1080x1920/frame_0036.png,downsample_4x_540x960/frame_0036.png,downsample_8x_270x480/frame_0036.png
frame_0037,197,8.208333333333334,full_resolution/frame_0037.png,downsample_2x_1080x1920/frame_0037.png,downsample_4x_540x960/frame_0037.png,downsample_8x_270x480/frame_0037.png
frame_0038,202,8.414583333333333,full_resolution/frame_0038.png,downsample_2x_1080x1920/frame_0038.png,downsample_4x_540x960/frame_0038.png,downsample_8x_270x480/frame_0038.png
frame_0039,210,8.747916666666667,full_resolution/frame_0039.png,downsample_2x_1080x1920/frame_0039.png,downsample_4x_540x960/frame_0039.png,downsample_8x_270x480/frame_0039.png
frame_0040,214,8.914583333333333,full_resolution/frame_0040.png,downsample_2x_1080x1920/frame_0040.png,downsample_4x_540x960/frame_0040.png,downsample_8x_270x480/frame_0040.png
frame_0041,218,9.08125,full_resolution/frame_0041.png,downsample_2x_1080x1920/frame_0041.png,downsample_4x_540x960/frame_0041.png,downsample_8x_270x480/frame_0041.png
frame_0042,222,9.247916666666667,full_resolution/frame_0042.png,downsample_2x_1080x1920/frame_0042.png,downsample_4x_540x960/frame_0042.png,downsample_8x_270x480/frame_0042.png
frame_0043,226,9.414583333333333,full_resolution/frame_0043.png,downsample_2x_1080x1920/frame_0043.png,downsample_4x_540x960/frame_0043.png,downsample_8x_270x480/frame_0043.png
frame_0044,228,9.497916666666667,full_resolution/frame_0044.png,downsample_2x_1080x1920/frame_0044.png,downsample_4x_540x960/frame_0044.png,downsample_8x_270x480/frame_0044.png
frame_0045,231,9.622916666666667,full_resolution/frame_0045.png,downsample_2x_1080x1920/frame_0045.png,downsample_4x_540x960/frame_0045.png,downsample_8x_270x480/frame_0045.png
frame_0046,237,9.872916666666667,full_resolution/frame_0046.png,downsample_2x_1080x1920/frame_0046.png,downsample_4x_540x960/frame_0046.png,downsample_8x_270x480/frame_0046.png
frame_0047,242,10.08125,full_resolution/frame_0047.png,downsample_2x_1080x1920/frame_0047.png,downsample_4x_540x960/frame_0047.png,downsample_8x_270x480/frame_0047.png
frame_0048,243,10.122916666666667,full_resolution/frame_0048.png,downsample_2x_1080x1920/frame_0048.png,downsample_4x_540x960/frame_0048.png,downsample_8x_270x480/frame_0048.png
frame_0049,252,10.497916666666667,full_resolution/frame_0049.png,downsample_2x_1080x1920/frame_0049.png,downsample_4x_540x960/frame_0049.png,downsample_8x_270x480/frame_0049.png
frame_0050,253,10.539583333333333,full_resolution/frame_0050.png,downsample_2x_1080x1920/frame_0050.png,downsample_4x_540x960/frame_0050.png,downsample_8x_270x480/frame_0050.png
frame_0051,259,10.789583333333333,full_resolution/frame_0051.png,downsample_2x_1080x1920/frame_0051.png,downsample_4x_540x960/frame_0051.png,downsample_8x_270x480/frame_0051.png
frame_0052,265,11.039583333333333,full_resolution/frame_0052.png,downsample_2x_1080x1920/frame_0052.png,downsample_4x_540x960/frame_0052.png,downsample_8x_270x480/frame_0052.png
frame_0053,269,11.20625,full_resolution/frame_0053.png,downsample_2x_1080x1920/frame_0053.png,downsample_4x_540x960/frame_0053.png,downsample_8x_270x480/frame_0053.png
frame_0054,274,11.414583333333333,full_resolution/frame_0054.png,downsample_2x_1080x1920/frame_0054.png,downsample_4x_540x960/frame_0054.png,downsample_8x_270x480/frame_0054.png
frame_0055,279,11.622916666666667,full_resolution/frame_0055.png,downsample_2x_1080x1920/frame_0055.png,downsample_4x_540x960/frame_0055.png,downsample_8x_270x480/frame_0055.png
frame_0056,286,11.914583333333333,full_resolution/frame_0056.png,downsample_2x_1080x1920/frame_0056.png,downsample_4x_540x960/frame_0056.png,downsample_8x_270x480/frame_0056.png
frame_0057,287,11.95625,full_resolution/frame_0057.png,downsample_2x_1080x1920/frame_0057.png,downsample_4x_540x960/frame_0057.png,downsample_8x_270x480/frame_0057.png
frame_0058,293,12.20625,full_resolution/frame_0058.png,downsample_2x_1080x1920/frame_0058.png,downsample_4x_540x960/frame_0058.png,downsample_8x_270x480/frame_0058.png
frame_0059,299,12.45625,full_resolution/frame_0059.png,downsample_2x_1080x1920/frame_0059.png,downsample_4x_540x960/frame_0059.png,downsample_8x_270x480/frame_0059.png
frame_0060,305,12.70625,full_resolution/frame_0060.png,downsample_2x_1080x1920/frame_0060.png,downsample_4x_540x960/frame_0060.png,downsample_8x_270x480/frame_0060.png
frame_0061,310,12.914583333333333,full_resolution/frame_0061.png,downsample_2x_1080x1920/frame_0061.png,downsample_4x_540x960/frame_0061.png,downsample_8x_270x480/frame_0061.png
frame_0062,312,12.997916666666667,full_resolution/frame_0062.png,downsample_2x_1080x1920/frame_0062.png,downsample_4x_540x960/frame_0062.png,downsample_8x_270x480/frame_0062.png
frame_0063,318,13.247916666666667,full_resolution/frame_0063.png,downsample_2x_1080x1920/frame_0063.png,downsample_4x_540x960/frame_0063.png,downsample_8x_270x480/frame_0063.png
frame_0064,323,13.45625,full_resolution/frame_0064.png,downsample_2x_1080x1920/frame_0064.png,downsample_4x_540x960/frame_0064.png,downsample_8x_270x480/frame_0064.png
frame_0065,330,13.747916666666667,full_resolution/frame_0065.png,downsample_2x_1080x1920/frame_0065.png,downsample_4x_540x960/frame_0065.png,downsample_8x_270x480/frame_0065.png
frame_0066,336,13.997916666666667,full_resolution/frame_0066.png,downsample_2x_1080x1920/frame_0066.png,downsample_4x_540x960/frame_0066.png,downsample_8x_270x480/frame_0066.png
frame_0067,345,14.372916666666667,full_resolution/frame_0067.png,downsample_2x_1080x1920/frame_0067.png,downsample_4x_540x960/frame_0067.png,downsample_8x_270x480/frame_0067.png
frame_0068,349,14.539583333333333,full_resolution/frame_0068.png,downsample_2x_1080x1920/frame_0068.png,downsample_4x_540x960/frame_0068.png,downsample_8x_270x480/frame_0068.png
frame_0069,354,14.747916666666667,full_resolution/frame_0069.png,downsample_2x_1080x1920/frame_0069.png,downsample_4x_540x960/frame_0069.png,downsample_8x_270x480/frame_0069.png
frame_0070,360,14.997916666666667,full_resolution/frame_0070.png,downsample_2x_1080x1920/frame_0070.png,downsample_4x_540x960/frame_0070.png,downsample_8x_270x480/frame_0070.png
frame_0071,365,15.20625,full_resolution/frame_0071.png,downsample_2x_1080x1920/frame_0071.png,downsample_4x_540x960/frame_0071.png,downsample_8x_270x480/frame_0071.png
frame_0072,370,15.414583333333333,full_resolution/frame_0072.png,downsample_2x_1080x1920/frame_0072.png,downsample_4x_540x960/frame_0072.png,downsample_8x_270x480/frame_0072.png
frame_0073,378,15.747916666666667,full_resolution/frame_0073.png,downsample_2x_1080x1920/frame_0073.png,downsample_4x_540x960/frame_0073.png,downsample_8x_270x480/frame_0073.png
frame_0074,383,15.95625,full_resolution/frame_0074.png,downsample_2x_1080x1920/frame_0074.png,downsample_4x_540x960/frame_0074.png,downsample_8x_270x480/frame_0074.png
frame_0075,392,16.33125,full_resolution/frame_0075.png,downsample_2x_1080x1920/frame_0075.png,downsample_4x_540x960/frame_0075.png,downsample_8x_270x480/frame_0075.png
frame_0076,397,16.539583333333333,full_resolution/frame_0076.png,downsample_2x_1080x1920/frame_0076.png,downsample_4x_540x960/frame_0076.png,downsample_8x_270x480/frame_0076.png
frame_0077,403,16.789583333333333,full_resolution/frame_0077.png,downsample_2x_1080x1920/frame_0077.png,downsample_4x_540x960/frame_0077.png,downsample_8x_270x480/frame_0077.png
frame_0078,406,16.914583333333333,full_resolution/frame_0078.png,downsample_2x_1080x1920/frame_0078.png,downsample_4x_540x960/frame_0078.png,downsample_8x_270x480/frame_0078.png
frame_0079,414,17.247916666666665,full_resolution/frame_0079.png,downsample_2x_1080x1920/frame_0079.png,downsample_4x_540x960/frame_0079.png,downsample_8x_270x480/frame_0079.png
frame_0080,417,17.372916666666665,full_resolution/frame_0080.png,downsample_2x_1080x1920/frame_0080.png,downsample_4x_540x960/frame_0080.png,downsample_8x_270x480/frame_0080.png
frame_0081,428,17.83125,full_resolution/frame_0081.png,downsample_2x_1080x1920/frame_0081.png,downsample_4x_540x960/frame_0081.png,downsample_8x_270x480/frame_0081.png
frame_0082,432,17.997916666666665,full_resolution/frame_0082.png,downsample_2x_1080x1920/frame_0082.png,downsample_4x_540x960/frame_0082.png,downsample_8x_270x480/frame_0082.png
frame_0083,438,18.247916666666665,full_resolution/frame_0083.png,downsample_2x_1080x1920/frame_0083.png,downsample_4x_540x960/frame_0083.png,downsample_8x_270x480/frame_0083.png
frame_0084,445,18.539583333333333,full_resolution/frame_0084.png,downsample_2x_1080x1920/frame_0084.png,downsample_4x_540x960/frame_0084.png,downsample_8x_270x480/frame_0084.png
frame_0085,450,18.747916666666665,full_resolution/frame_0085.png,downsample_2x_1080x1920/frame_0085.png,downsample_4x_540x960/frame_0085.png,downsample_8x_270x480/frame_0085.png
frame_0086,456,18.997916666666665,full_resolution/frame_0086.png,downsample_2x_1080x1920/frame_0086.png,downsample_4x_540x960/frame_0086.png,downsample_8x_270x480/frame_0086.png
frame_0087,462,19.247916666666665,full_resolution/frame_0087.png,downsample_2x_1080x1920/frame_0087.png,downsample_4x_540x960/frame_0087.png,downsample_8x_270x480/frame_0087.png
frame_0088,464,19.33125,full_resolution/frame_0088.png,downsample_2x_1080x1920/frame_0088.png,downsample_4x_540x960/frame_0088.png,downsample_8x_270x480/frame_0088.png
frame_0089,472,19.664583333333333,full_resolution/frame_0089.png,downsample_2x_1080x1920/frame_0089.png,downsample_4x_540x960/frame_0089.png,downsample_8x_270x480/frame_0089.png
frame_0090,474,19.747916666666665,full_resolution/frame_0090.png,downsample_2x_1080x1920/frame_0090.png,downsample_4x_540x960/frame_0090.png,downsample_8x_270x480/frame_0090.png
frame_0091,476,19.83125,full_resolution/frame_0091.png,downsample_2x_1080x1920/frame_0091.png,downsample_4x_540x960/frame_0091.png,downsample_8x_270x480/frame_0091.png
frame_0092,481,20.039583333333333,full_resolution/frame_0092.png,downsample_2x_1080x1920/frame_0092.png,downsample_4x_540x960/frame_0092.png,downsample_8x_270x480/frame_0092.png
frame_0093,485,20.20625,full_resolution/frame_0093.png,downsample_2x_1080x1920/frame_0093.png,downsample_4x_540x960/frame_0093.png,downsample_8x_270x480/frame_0093.png
frame_0094,489,20.372916666666665,full_resolution/frame_0094.png,downsample_2x_1080x1920/frame_0094.png,downsample_4x_540x960/frame_0094.png,downsample_8x_270x480/frame_0094.png
frame_0095,494,20.58125,full_resolution/frame_0095.png,downsample_2x_1080x1920/frame_0095.png,downsample_4x_540x960/frame_0095.png,downsample_8x_270x480/frame_0095.png
frame_0096,499,20.789583333333333,full_resolution/frame_0096.png,downsample_2x_1080x1920/frame_0096.png,downsample_4x_540x960/frame_0096.png,downsample_8x_270x480/frame_0096.png
frame_0097,500,20.83125,full_resolution/frame_0097.png,downsample_2x_1080x1920/frame_0097.png,downsample_4x_540x960/frame_0097.png,downsample_8x_270x480/frame_0097.png
frame_0098,507,21.122916666666665,full_resolution/frame_0098.png,downsample_2x_1080x1920/frame_0098.png,downsample_4x_540x960/frame_0098.png,downsample_8x_270x480/frame_0098.png
frame_0099,509,21.20625,full_resolution/frame_0099.png,downsample_2x_1080x1920/frame_0099.png,downsample_4x_540x960/frame_0099.png,downsample_8x_270x480/frame_0099.png
frame_0100,513,21.372916666666665,full_resolution/frame_0100.png,downsample_2x_1080x1920/frame_0100.png,downsample_4x_540x960/frame_0100.png,downsample_8x_270x480/frame_0100.png
frame_0101,518,21.58125,full_resolution/frame_0101.png,downsample_2x_1080x1920/frame_0101.png,downsample_4x_540x960/frame_0101.png,downsample_8x_270x480/frame_0101.png
frame_0102,521,21.70625,full_resolution/frame_0102.png,downsample_2x_1080x1920/frame_0102.png,downsample_4x_540x960/frame_0102.png,downsample_8x_270x480/frame_0102.png
frame_0103,525,21.872916666666665,full_resolution/frame_0103.png,downsample_2x_1080x1920/frame_0103.png,downsample_4x_540x960/frame_0103.png,downsample_8x_270x480/frame_0103.png
frame_0104,530,22.08125,full_resolution/frame_0104.png,downsample_2x_1080x1920/frame_0104.png,downsample_4x_540x960/frame_0104.png,downsample_8x_270x480/frame_0104.png
frame_0105,534,22.247916666666665,full_resolution/frame_0105.png,downsample_2x_1080x1920/frame_0105.png,downsample_4x_540x960/frame_0105.png,downsample_8x_270x480/frame_0105.png
frame_0106,540,22.497916666666665,full_resolution/frame_0106.png,downsample_2x_1080x1920/frame_0106.png,downsample_4x_540x960/frame_0106.png,downsample_8x_270x480/frame_0106.png
frame_0107,545,22.70625,full_resolution/frame_0107.png,downsample_2x_1080x1920/frame_0107.png,downsample_4x_540x960/frame_0107.png,downsample_8x_270x480/frame_0107.png
frame_0108,549,22.872916666666665,full_resolution/frame_0108.png,downsample_2x_1080x1920/frame_0108.png,downsample_4x_540x960/frame_0108.png,downsample_8x_270x480/frame_0108.png
frame_0109,553,23.039583333333333,full_resolution/frame_0109.png,downsample_2x_1080x1920/frame_0109.png,downsample_4x_540x960/frame_0109.png,downsample_8x_270x480/frame_0109.png
frame_0110,556,23.164583333333333,full_resolution/frame_0110.png,downsample_2x_1080x1920/frame_0110.png,downsample_4x_540x960/frame_0110.png,downsample_8x_270x480/frame_0110.png
frame_0111,560,23.33125,full_resolution/frame_0111.png,downsample_2x_1080x1920/frame_0111.png,downsample_4x_540x960/frame_0111.png,downsample_8x_270x480/frame_0111.png
frame_0112,563,23.45625,full_resolution/frame_0112.png,downsample_2x_1080x1920/frame_0112.png,downsample_4x_540x960/frame_0112.png,downsample_8x_270x480/frame_0112.png
frame_0113,568,23.664583333333333,full_resolution/frame_0113.png,downsample_2x_1080x1920/frame_0113.png,downsample_4x_540x960/frame_0113.png,downsample_8x_270x480/frame_0113.png
frame_0114,572,23.83125,full_resolution/frame_0114.png,downsample_2x_1080x1920/frame_0114.png,downsample_4x_540x960/frame_0114.png,downsample_8x_270x480/frame_0114.png
frame_0115,575,23.95625,full_resolution/frame_0115.png,downsample_2x_1080x1920/frame_0115.png,downsample_4x_540x960/frame_0115.png,downsample_8x_270x480/frame_0115.png
frame_0116,579,24.122916666666665,full_resolution/frame_0116.png,downsample_2x_1080x1920/frame_0116.png,downsample_4x_540x960/frame_0116.png,downsample_8x_270x480/frame_0116.png
frame_0117,582,24.247916666666665,full_resolution/frame_0117.png,downsample_2x_1080x1920/frame_0117.png,downsample_4x_540x960/frame_0117.png,downsample_8x_270x480/frame_0117.png
frame_0118,589,24.539583333333333,full_resolution/frame_0118.png,downsample_2x_1080x1920/frame_0118.png,downsample_4x_540x960/frame_0118.png,downsample_8x_270x480/frame_0118.png
frame_0119,592,24.664583333333333,full_resolution/frame_0119.png,downsample_2x_1080x1920/frame_0119.png,downsample_4x_540x960/frame_0119.png,downsample_8x_270x480/frame_0119.png
frame_0120,597,24.870833333333334,full_resolution/frame_0120.png,downsample_2x_1080x1920/frame_0120.png,downsample_4x_540x960/frame_0120.png,downsample_8x_270x480/frame_0120.png
frame_0121,606,25.245833333333334,full_resolution/frame_0121.png,downsample_2x_1080x1920/frame_0121.png,downsample_4x_540x960/frame_0121.png,downsample_8x_270x480/frame_0121.png
frame_0122,613,25.5375,full_resolution/frame_0122.png,downsample_2x_1080x1920/frame_0122.png,downsample_4x_540x960/frame_0122.png,downsample_8x_270x480/frame_0122.png
frame_0123,617,25.704166666666666,full_resolution/frame_0123.png,downsample_2x_1080x1920/frame_0123.png,downsample_4x_540x960/frame_0123.png,downsample_8x_270x480/frame_0123.png
frame_0124,620,25.829166666666666,full_resolution/frame_0124.png,downsample_2x_1080x1920/frame_0124.png,downsample_4x_540x960/frame_0124.png,downsample_8x_270x480/frame_0124.png
frame_0125,627,26.120833333333334,full_resolution/frame_0125.png,downsample_2x_1080x1920/frame_0125.png,downsample_4x_540x960/frame_0125.png,downsample_8x_270x480/frame_0125.png
frame_0126,630,26.245833333333334,full_resolution/frame_0126.png,downsample_2x_1080x1920/frame_0126.png,downsample_4x_540x960/frame_0126.png,downsample_8x_270x480/frame_0126.png
frame_0127,635,26.454166666666666,full_resolution/frame_0127.png,downsample_2x_1080x1920/frame_0127.png,downsample_4x_540x960/frame_0127.png,downsample_8x_270x480/frame_0127.png
frame_0128,638,26.579166666666666,full_resolution/frame_0128.png,downsample_2x_1080x1920/frame_0128.png,downsample_4x_540x960/frame_0128.png,downsample_8x_270x480/frame_0128.png
frame_0129,649,27.0375,full_resolution/frame_0129.png,downsample_2x_1080x1920/frame_0129.png,downsample_4x_540x960/frame_0129.png,downsample_8x_270x480/frame_0129.png
frame_0130,652,27.1625,full_resolution/frame_0130.png,downsample_2x_1080x1920/frame_0130.png,downsample_4x_540x960/frame_0130.png,downsample_8x_270x480/frame_0130.png
frame_0131,657,27.370833333333334,full_resolution/frame_0131.png,downsample_2x_1080x1920/frame_0131.png,downsample_4x_540x960/frame_0131.png,downsample_8x_270x480/frame_0131.png
frame_0132,667,27.7875,full_resolution/frame_0132.png,downsample_2x_1080x1920/frame_0132.png,downsample_4x_540x960/frame_0132.png,downsample_8x_270x480/frame_0132.png
frame_0133,671,27.954166666666666,full_resolution/frame_0133.png,downsample_2x_1080x1920/frame_0133.png,downsample_4x_540x960/frame_0133.png,downsample_8x_270x480/frame_0133.png
frame_0134,678,28.245833333333334,full_resolution/frame_0134.png,downsample_2x_1080x1920/frame_0134.png,downsample_4x_540x960/frame_0134.png,downsample_8x_270x480/frame_0134.png
frame_0135,684,28.495833333333334,full_resolution/frame_0135.png,downsample_2x_1080x1920/frame_0135.png,downsample_4x_540x960/frame_0135.png,downsample_8x_270x480/frame_0135.png
frame_0136,688,28.6625,full_resolution/frame_0136.png,downsample_2x_1080x1920/frame_0136.png,downsample_4x_540x960/frame_0136.png,downsample_8x_270x480/frame_0136.png
frame_0137,692,28.829166666666666,full_resolution/frame_0137.png,downsample_2x_1080x1920/frame_0137.png,downsample_4x_540x960/frame_0137.png,downsample_8x_270x480/frame_0137.png
frame_0138,700,29.1625,full_resolution/frame_0138.png,downsample_2x_1080x1920/frame_0138.png,downsample_4x_540x960/frame_0138.png,downsample_8x_270x480/frame_0138.png
frame_0139,703,29.2875,full_resolution/frame_0139.png,downsample_2x_1080x1920/frame_0139.png,downsample_4x_540x960/frame_0139.png,downsample_8x_270x480/frame_0139.png
frame_0140,709,29.5375,full_resolution/frame_0140.png,downsample_2x_1080x1920/frame_0140.png,downsample_4x_540x960/frame_0140.png,downsample_8x_270x480/frame_0140.png
frame_0141,717,29.870833333333334,full_resolution/frame_0141.png,downsample_2x_1080x1920/frame_0141.png,downsample_4x_540x960/frame_0141.png,downsample_8x_270x480/frame_0141.png
frame_0142,721,30.0375,full_resolution/frame_0142.png,downsample_2x_1080x1920/frame_0142.png,downsample_4x_540x960/frame_0142.png,downsample_8x_270x480/frame_0142.png
frame_0143,727,30.2875,full_resolution/frame_0143.png,downsample_2x_1080x1920/frame_0143.png,downsample_4x_540x960/frame_0143.png,downsample_8x_270x480/frame_0143.png
frame_0144,731,30.454166666666666,full_resolution/frame_0144.png,downsample_2x_1080x1920/frame_0144.png,downsample_4x_540x960/frame_0144.png,downsample_8x_270x480/frame_0144.png
frame_0145,738,30.745833333333334,full_resolution/frame_0145.png,downsample_2x_1080x1920/frame_0145.png,downsample_4x_540x960/frame_0145.png,downsample_8x_270x480/frame_0145.png
frame_0146,741,30.870833333333334,full_resolution/frame_0146.png,downsample_2x_1080x1920/frame_0146.png,downsample_4x_540x960/frame_0146.png,downsample_8x_270x480/frame_0146.png
frame_0147,745,31.0375,full_resolution/frame_0147.png,downsample_2x_1080x1920/frame_0147.png,downsample_4x_540x960/frame_0147.png,downsample_8x_270x480/frame_0147.png
frame_0148,752,31.329166666666666,full_resolution/frame_0148.png,downsample_2x_1080x1920/frame_0148.png,downsample_4x_540x960/frame_0148.png,downsample_8x_270x480/frame_0148.png
frame_0149,755,31.454166666666666,full_resolution/frame_0149.png,downsample_2x_1080x1920/frame_0149.png,downsample_4x_540x960/frame_0149.png,downsample_8x_270x480/frame_0149.png
frame_0150,759,31.620833333333334,full_resolution/frame_0150.png,downsample_2x_1080x1920/frame_0150.png,downsample_4x_540x960/frame_0150.png,downsample_8x_270x480/frame_0150.png
frame_0151,762,31.745833333333334,full_resolution/frame_0151.png,downsample_2x_1080x1920/frame_0151.png,downsample_4x_540x960/frame_0151.png,downsample_8x_270x480/frame_0151.png
frame_0152,766,31.9125,full_resolution/frame_0152.png,downsample_2x_1080x1920/frame_0152.png,downsample_4x_540x960/frame_0152.png,downsample_8x_270x480/frame_0152.png
frame_0153,775,32.2875,full_resolution/frame_0153.png,downsample_2x_1080x1920/frame_0153.png,downsample_4x_540x960/frame_0153.png,downsample_8x_270x480/frame_0153.png
frame_0154,776,32.329166666666666,full_resolution/frame_0154.png,downsample_2x_1080x1920/frame_0154.png,downsample_4x_540x960/frame_0154.png,downsample_8x_270x480/frame_0154.png
frame_0155,779,32.454166666666666,full_resolution/frame_0155.png,downsample_2x_1080x1920/frame_0155.png,downsample_4x_540x960/frame_0155.png,downsample_8x_270x480/frame_0155.png
frame_0156,784,32.6625,full_resolution/frame_0156.png,downsample_2x_1080x1920/frame_0156.png,downsample_4x_540x960/frame_0156.png,downsample_8x_270x480/frame_0156.png
frame_0157,788,32.829166666666666,full_resolution/frame_0157.png,downsample_2x_1080x1920/frame_0157.png,downsample_4x_540x960/frame_0157.png,downsample_8x_270x480/frame_0157.png
frame_0158,793,33.0375,full_resolution/frame_0158.png,downsample_2x_1080x1920/frame_0158.png,downsample_4x_540x960/frame_0158.png,downsample_8x_270x480/frame_0158.png
frame_0159,797,33.204166666666666,full_resolution/frame_0159.png,downsample_2x_1080x1920/frame_0159.png,downsample_4x_540x960/frame_0159.png,downsample_8x_270x480/frame_0159.png
frame_0160,801,33.37083333333333,full_resolution/frame_0160.png,downsample_2x_1080x1920/frame_0160.png,downsample_4x_540x960/frame_0160.png,downsample_8x_270x480/frame_0160.png
frame_0161,804,33.49583333333333,full_resolution/frame_0161.png,downsample_2x_1080x1920/frame_0161.png,downsample_4x_540x960/frame_0161.png,downsample_8x_270x480/frame_0161.png
frame_0162,810,33.74583333333333,full_resolution/frame_0162.png,downsample_2x_1080x1920/frame_0162.png,downsample_4x_540x960/frame_0162.png,downsample_8x_270x480/frame_0162.png
frame_0163,816,33.99583333333333,full_resolution/frame_0163.png,downsample_2x_1080x1920/frame_0163.png,downsample_4x_540x960/frame_0163.png,downsample_8x_270x480/frame_0163.png
frame_0164,820,34.1625,full_resolution/frame_0164.png,downsample_2x_1080x1920/frame_0164.png,downsample_4x_540x960/frame_0164.png,downsample_8x_270x480/frame_0164.png
frame_0165,827,34.454166666666666,full_resolution/frame_0165.png,downsample_2x_1080x1920/frame_0165.png,downsample_4x_540x960/frame_0165.png,downsample_8x_270x480/frame_0165.png
frame_0166,833,34.704166666666666,full_resolution/frame_0166.png,downsample_2x_1080x1920/frame_0166.png,downsample_4x_540x960/frame_0166.png,downsample_8x_270x480/frame_0166.png
frame_0167,834,34.74583333333333,full_resolution/frame_0167.png,downsample_2x_1080x1920/frame_0167.png,downsample_4x_540x960/frame_0167.png,downsample_8x_270x480/frame_0167.png
frame_0168,837,34.87083333333333,full_resolution/frame_0168.png,downsample_2x_1080x1920/frame_0168.png,downsample_4x_540x960/frame_0168.png,downsample_8x_270x480/frame_0168.png
frame_0169,842,35.079166666666666,full_resolution/frame_0169.png,downsample_2x_1080x1920/frame_0169.png,downsample_4x_540x960/frame_0169.png,downsample_8x_270x480/frame_0169.png
frame_0170,845,35.204166666666666,full_resolution/frame_0170.png,downsample_2x_1080x1920/frame_0170.png,downsample_4x_540x960/frame_0170.png,downsample_8x_270x480/frame_0170.png
frame_0171,848,35.329166666666666,full_resolution/frame_0171.png,downsample_2x_1080x1920/frame_0171.png,downsample_4x_540x960/frame_0171.png,downsample_8x_270x480/frame_0171.png
frame_0172,851,35.454166666666666,full_resolution/frame_0172.png,downsample_2x_1080x1920/frame_0172.png,downsample_4x_540x960/frame_0172.png,downsample_8x_270x480/frame_0172.png
frame_0173,853,35.5375,full_resolution/frame_0173.png,downsample_2x_1080x1920/frame_0173.png,downsample_4x_540x960/frame_0173.png,downsample_8x_270x480/frame_0173.png
frame_0174,857,35.704166666666666,full_resolution/frame_0174.png,downsample_2x_1080x1920/frame_0174.png,downsample_4x_540x960/frame_0174.png,downsample_8x_270x480/frame_0174.png
frame_0175,860,35.829166666666666,full_resolution/frame_0175.png,downsample_2x_1080x1920/frame_0175.png,downsample_4x_540x960/frame_0175.png,downsample_8x_270x480/frame_0175.png
frame_0176,863,35.954166666666666,full_resolution/frame_0176.png,downsample_2x_1080x1920/frame_0176.png,downsample_4x_540x960/frame_0176.png,downsample_8x_270x480/frame_0176.png
frame_0177,865,36.0375,full_resolution/frame_0177.png,downsample_2x_1080x1920/frame_0177.png,downsample_4x_540x960/frame_0177.png,downsample_8x_270x480/frame_0177.png
frame_0178,870,36.24583333333333,full_resolution/frame_0178.png,downsample_2x_1080x1920/frame_0178.png,downsample_4x_540x960/frame_0178.png,downsample_8x_270x480/frame_0178.png
frame_0179,873,36.37083333333333,full_resolution/frame_0179.png,downsample_2x_1080x1920/frame_0179.png,downsample_4x_540x960/frame_0179.png,downsample_8x_270x480/frame_0179.png
frame_0180,877,36.5375,full_resolution/frame_0180.png,downsample_2x_1080x1920/frame_0180.png,downsample_4x_540x960/frame_0180.png,downsample_8x_270x480/frame_0180.png
frame_0181,879,36.62083333333333,full_resolution/frame_0181.png,downsample_2x_1080x1920/frame_0181.png,downsample_4x_540x960/frame_0181.png,downsample_8x_270x480/frame_0181.png
frame_0182,884,36.829166666666666,full_resolution/frame_0182.png,downsample_2x_1080x1920/frame_0182.png,downsample_4x_540x960/frame_0182.png,downsample_8x_270x480/frame_0182.png
frame_0183,887,36.954166666666666,full_resolution/frame_0183.png,downsample_2x_1080x1920/frame_0183.png,downsample_4x_540x960/frame_0183.png,downsample_8x_270x480/frame_0183.png
frame_0184,891,37.12083333333333,full_resolution/frame_0184.png,downsample_2x_1080x1920/frame_0184.png,downsample_4x_540x960/frame_0184.png,downsample_8x_270x480/frame_0184.png
frame_0185,895,37.2875,full_resolution/frame_0185.png,downsample_2x_1080x1920/frame_0185.png,downsample_4x_540x960/frame_0185.png,downsample_8x_270x480/frame_0185.png
frame_0186,900,37.49583333333333,full_resolution/frame_0186.png,downsample_2x_1080x1920/frame_0186.png,downsample_4x_540x960/frame_0186.png,downsample_8x_270x480/frame_0186.png
frame_0187,903,37.62083333333333,full_resolution/frame_0187.png,downsample_2x_1080x1920/frame_0187.png,downsample_4x_540x960/frame_0187.png,downsample_8x_270x480/frame_0187.png
frame_0188,910,37.9125,full_resolution/frame_0188.png,downsample_2x_1080x1920/frame_0188.png,downsample_4x_540x960/frame_0188.png,downsample_8x_270x480/frame_0188.png
frame_0189,915,38.12083333333333,full_resolution/frame_0189.png,downsample_2x_1080x1920/frame_0189.png,downsample_4x_540x960/frame_0189.png,downsample_8x_270x480/frame_0189.png
frame_0190,921,38.37083333333333,full_resolution/frame_0190.png,downsample_2x_1080x1920/frame_0190.png,downsample_4x_540x960/frame_0190.png,downsample_8x_270x480/frame_0190.png
frame_0191,926,38.579166666666666,full_resolution/frame_0191.png,downsample_2x_1080x1920/frame_0191.png,downsample_4x_540x960/frame_0191.png,downsample_8x_270x480/frame_0191.png
frame_0192,933,38.87083333333333,full_resolution/frame_0192.png,downsample_2x_1080x1920/frame_0192.png,downsample_4x_540x960/frame_0192.png,downsample_8x_270x480/frame_0192.png
frame_0193,939,39.12083333333333,full_resolution/frame_0193.png,downsample_2x_1080x1920/frame_0193.png,downsample_4x_540x960/frame_0193.png,downsample_8x_270x480/frame_0193.png
frame_0194,942,39.24583333333333,full_resolution/frame_0194.png,downsample_2x_1080x1920/frame_0194.png,downsample_4x_540x960/frame_0194.png,downsample_8x_270x480/frame_0194.png
frame_0195,949,39.5375,full_resolution/frame_0195.png,downsample_2x_1080x1920/frame_0195.png,downsample_4x_540x960/frame_0195.png,downsample_8x_270x480/frame_0195.png
frame_0196,956,39.829166666666666,full_resolution/frame_0196.png,downsample_2x_1080x1920/frame_0196.png,downsample_4x_540x960/frame_0196.png,downsample_8x_270x480/frame_0196.png
frame_0197,959,39.954166666666666,full_resolution/frame_0197.png,downsample_2x_1080x1920/frame_0197.png,downsample_4x_540x960/frame_0197.png,downsample_8x_270x480/frame_0197.png
frame_0198,965,40.204166666666666,full_resolution/frame_0198.png,downsample_2x_1080x1920/frame_0198.png,downsample_4x_540x960/frame_0198.png,downsample_8x_270x480/frame_0198.png
frame_0199,970,40.4125,full_resolution/frame_0199.png,downsample_2x_1080x1920/frame_0199.png,downsample_4x_540x960/frame_0199.png,downsample_8x_270x480/frame_0199.png
frame_0200,974,40.579166666666666,full_resolution/frame_0200.png,downsample_2x_1080x1920/frame_0200.png,downsample_4x_540x960/frame_0200.png,downsample_8x_270x480/frame_0200.png
frame_0201,980,40.829166666666666,full_resolution/frame_0201.png,downsample_2x_1080x1920/frame_0201.png,downsample_4x_540x960/frame_0201.png,downsample_8x_270x480/frame_0201.png
frame_0202,984,40.99583333333333,full_resolution/frame_0202.png,downsample_2x_1080x1920/frame_0202.png,downsample_4x_540x960/frame_0202.png,downsample_8x_270x480/frame_0202.png
frame_0203,987,41.12083333333333,full_resolution/frame_0203.png,downsample_2x_1080x1920/frame_0203.png,downsample_4x_540x960/frame_0203.png,downsample_8x_270x480/frame_0203.png
frame_0204,994,41.41041666666667,full_resolution/frame_0204.png,downsample_2x_1080x1920/frame_0204.png,downsample_4x_540x960/frame_0204.png,downsample_8x_270x480/frame_0204.png
frame_0205,996,41.49375,full_resolution/frame_0205.png,downsample_2x_1080x1920/frame_0205.png,downsample_4x_540x960/frame_0205.png,downsample_8x_270x480/frame_0205.png
frame_0206,1003,41.78541666666667,full_resolution/frame_0206.png,downsample_2x_1080x1920/frame_0206.png,downsample_4x_540x960/frame_0206.png,downsample_8x_270x480/frame_0206.png
frame_0207,1008,41.99375,full_resolution/frame_0207.png,downsample_2x_1080x1920/frame_0207.png,downsample_4x_540x960/frame_0207.png,downsample_8x_270x480/frame_0207.png
frame_0208,1014,42.24375,full_resolution/frame_0208.png,downsample_2x_1080x1920/frame_0208.png,downsample_4x_540x960/frame_0208.png,downsample_8x_270x480/frame_0208.png
frame_0209,1018,42.41041666666667,full_resolution/frame_0209.png,downsample_2x_1080x1920/frame_0209.png,downsample_4x_540x960/frame_0209.png,downsample_8x_270x480/frame_0209.png
frame_0210,1023,42.61875,full_resolution/frame_0210.png,downsample_2x_1080x1920/frame_0210.png,downsample_4x_540x960/frame_0210.png,downsample_8x_270x480/frame_0210.png
frame_0211,1028,42.827083333333334,full_resolution/frame_0211.png,downsample_2x_1080x1920/frame_0211.png,downsample_4x_540x960/frame_0211.png,downsample_8x_270x480/frame_0211.png
frame_0212,1032,42.99375,full_resolution/frame_0212.png,downsample_2x_1080x1920/frame_0212.png,downsample_4x_540x960/frame_0212.png,downsample_8x_270x480/frame_0212.png
frame_0213,1037,43.202083333333334,full_resolution/frame_0213.png,downsample_2x_1080x1920/frame_0213.png,downsample_4x_540x960/frame_0213.png,downsample_8x_270x480/frame_0213.png
frame_0214,1043,43.452083333333334,full_resolution/frame_0214.png,downsample_2x_1080x1920/frame_0214.png,downsample_4x_540x960/frame_0214.png,downsample_8x_270x480/frame_0214.png
frame_0215,1047,43.61875,full_resolution/frame_0215.png,downsample_2x_1080x1920/frame_0215.png,downsample_4x_540x960/frame_0215.png,downsample_8x_270x480/frame_0215.png
frame_0216,1056,43.99375,full_resolution/frame_0216.png,downsample_2x_1080x1920/frame_0216.png,downsample_4x_540x960/frame_0216.png,downsample_8x_270x480/frame_0216.png
frame_0217,1060,44.16041666666667,full_resolution/frame_0217.png,downsample_2x_1080x1920/frame_0217.png,downsample_4x_540x960/frame_0217.png,downsample_8x_270x480/frame_0217.png
frame_0218,1066,44.41041666666667,full_resolution/frame_0218.png,downsample_2x_1080x1920/frame_0218.png,downsample_4x_540x960/frame_0218.png,downsample_8x_270x480/frame_0218.png
frame_0219,1073,44.702083333333334,full_resolution/frame_0219.png,downsample_2x_1080x1920/frame_0219.png,downsample_4x_540x960/frame_0219.png,downsample_8x_270x480/frame_0219.png
frame_0220,1079,44.952083333333334,full_resolution/frame_0220.png,downsample_2x_1080x1920/frame_0220.png,downsample_4x_540x960/frame_0220.png,downsample_8x_270x480/frame_0220.png
frame_0221,1084,45.16041666666667,full_resolution/frame_0221.png,downsample_2x_1080x1920/frame_0221.png,downsample_4x_540x960/frame_0221.png,downsample_8x_270x480/frame_0221.png
frame_0222,1089,45.36875,full_resolution/frame_0222.png,downsample_2x_1080x1920/frame_0222.png,downsample_4x_540x960/frame_0222.png,downsample_8x_270x480/frame_0222.png
frame_0223,1094,45.577083333333334,full_resolution/frame_0223.png,downsample_2x_1080x1920/frame_0223.png,downsample_4x_540x960/frame_0223.png,downsample_8x_270x480/frame_0223.png
frame_0224,1099,45.78541666666667,full_resolution/frame_0224.png,downsample_2x_1080x1920/frame_0224.png,downsample_4x_540x960/frame_0224.png,downsample_8x_270x480/frame_0224.png
frame_0225,1104,45.99375,full_resolution/frame_0225.png,downsample_2x_1080x1920/frame_0225.png,downsample_4x_540x960/frame_0225.png,downsample_8x_270x480/frame_0225.png
frame_0226,1111,46.28541666666667,full_resolution/frame_0226.png,downsample_2x_1080x1920/frame_0226.png,downsample_4x_540x960/frame_0226.png,downsample_8x_270x480/frame_0226.png
frame_0227,1115,46.452083333333334,full_resolution/frame_0227.png,downsample_2x_1080x1920/frame_0227.png,downsample_4x_540x960/frame_0227.png,downsample_8x_270x480/frame_0227.png
frame_0228,1122,46.74375,full_resolution/frame_0228.png,downsample_2x_1080x1920/frame_0228.png,downsample_4x_540x960/frame_0228.png,downsample_8x_270x480/frame_0228.png
frame_0229,1128,46.99375,full_resolution/frame_0229.png,downsample_2x_1080x1920/frame_0229.png,downsample_4x_540x960/frame_0229.png,downsample_8x_270x480/frame_0229.png
frame_0230,1132,47.16041666666667,full_resolution/frame_0230.png,downsample_2x_1080x1920/frame_0230.png,downsample_4x_540x960/frame_0230.png,downsample_8x_270x480/frame_0230.png
frame_0231,1140,47.49375,full_resolution/frame_0231.png,downsample_2x_1080x1920/frame_0231.png,downsample_4x_540x960/frame_0231.png,downsample_8x_270x480/frame_0231.png
frame_0232,1144,47.66041666666667,full_resolution/frame_0232.png,downsample_2x_1080x1920/frame_0232.png,downsample_4x_540x960/frame_0232.png,downsample_8x_270x480/frame_0232.png
frame_0233,1147,47.78541666666667,full_resolution/frame_0233.png,downsample_2x_1080x1920/frame_0233.png,downsample_4x_540x960/frame_0233.png,downsample_8x_270x480/frame_0233.png
frame_0234,1153,48.03541666666667,full_resolution/frame_0234.png,downsample_2x_1080x1920/frame_0234.png,downsample_4x_540x960/frame_0234.png,downsample_8x_270x480/frame_0234.png
frame_0235,1161,48.36875,full_resolution/frame_0235.png,downsample_2x_1080x1920/frame_0235.png,downsample_4x_540x960/frame_0235.png,downsample_8x_270x480/frame_0235.png
frame_0236,1162,48.41041666666667,full_resolution/frame_0236.png,downsample_2x_1080x1920/frame_0236.png,downsample_4x_540x960/frame_0236.png,downsample_8x_270x480/frame_0236.png
frame_0237,1169,48.702083333333334,full_resolution/frame_0237.png,downsample_2x_1080x1920/frame_0237.png,downsample_4x_540x960/frame_0237.png,downsample_8x_270x480/frame_0237.png
frame_0238,1172,48.827083333333334,full_resolution/frame_0238.png,downsample_2x_1080x1920/frame_0238.png,downsample_4x_540x960/frame_0238.png,downsample_8x_270x480/frame_0238.png
frame_0239,1174,48.91041666666667,full_resolution/frame_0239.png,downsample_2x_1080x1920/frame_0239.png,downsample_4x_540x960/frame_0239.png,downsample_8x_270x480/frame_0239.png
frame_0240,1177,49.03541666666667,full_resolution/frame_0240.png,downsample_2x_1080x1920/frame_0240.png,downsample_4x_540x960/frame_0240.png,downsample_8x_270x480/frame_0240.png
frame_0241,1181,49.202083333333334,full_resolution/frame_0241.png,downsample_2x_1080x1920/frame_0241.png,downsample_4x_540x960/frame_0241.png,downsample_8x_270x480/frame_0241.png
frame_0242,1184,49.327083333333334,full_resolution/frame_0242.png,downsample_2x_1080x1920/frame_0242.png,downsample_4x_540x960/frame_0242.png,downsample_8x_270x480/frame_0242.png
frame_0243,1186,49.41041666666667,full_resolution/frame_0243.png,downsample_2x_1080x1920/frame_0243.png,downsample_4x_540x960/frame_0243.png,downsample_8x_270x480/frame_0243.png
frame_0244,1189,49.53541666666667,full_resolution/frame_0244.png,downsample_2x_1080x1920/frame_0244.png,downsample_4x_540x960/frame_0244.png,downsample_8x_270x480/frame_0244.png
frame_0245,1191,49.61875,full_resolution/frame_0245.png,downsample_2x_1080x1920/frame_0245.png,downsample_4x_540x960/frame_0245.png,downsample_8x_270x480/frame_0245.png
frame_0246,1195,49.78541666666667,full_resolution/frame_0246.png,downsample_2x_1080x1920/frame_0246.png,downsample_4x_540x960/frame_0246.png,downsample_8x_270x480/frame_0246.png
frame_0247,1198,49.91041666666667,full_resolution/frame_0247.png,downsample_2x_1080x1920/frame_0247.png,downsample_4x_540x960/frame_0247.png,downsample_8x_270x480/frame_0247.png
frame_0248,1200,49.99375,full_resolution/frame_0248.png,downsample_2x_1080x1920/frame_0248.png,downsample_4x_540x960/frame_0248.png,downsample_8x_270x480/frame_0248.png
frame_0249,1204,50.16041666666667,full_resolution/frame_0249.png,downsample_2x_1080x1920/frame_0249.png,downsample_4x_540x960/frame_0249.png,downsample_8x_270x480/frame_0249.png
frame_0250,1206,50.24375,full_resolution/frame_0250.png,downsample_2x_1080x1920/frame_0250.png,downsample_4x_540x960/frame_0250.png,downsample_8x_270x480/frame_0250.png
frame_0251,1209,50.36875,full_resolution/frame_0251.png,downsample_2x_1080x1920/frame_0251.png,downsample_4x_540x960/frame_0251.png,downsample_8x_270x480/frame_0251.png
frame_0252,1212,50.49375,full_resolution/frame_0252.png,downsample_2x_1080x1920/frame_0252.png,downsample_4x_540x960/frame_0252.png,downsample_8x_270x480/frame_0252.png
frame_0253,1218,50.74375,full_resolution/frame_0253.png,downsample_2x_1080x1920/frame_0253.png,downsample_4x_540x960/frame_0253.png,downsample_8x_270x480/frame_0253.png
frame_0254,1222,50.91041666666667,full_resolution/frame_0254.png,downsample_2x_1080x1920/frame_0254.png,downsample_4x_540x960/frame_0254.png,downsample_8x_270x480/frame_0254.png
frame_0255,1229,51.202083333333334,full_resolution/frame_0255.png,downsample_2x_1080x1920/frame_0255.png,downsample_4x_540x960/frame_0255.png,downsample_8x_270x480/frame_0255.png
frame_0256,1233,51.36875,full_resolution/frame_0256.png,downsample_2x_1080x1920/frame_0256.png,downsample_4x_540x960/frame_0256.png,downsample_8x_270x480/frame_0256.png
frame_0257,1241,51.702083333333334,full_resolution/frame_0257.png,downsample_2x_1080x1920/frame_0257.png,downsample_4x_540x960/frame_0257.png,downsample_8x_270x480/frame_0257.png
frame_0258,1244,51.827083333333334,full_resolution/frame_0258.png,downsample_2x_1080x1920/frame_0258.png,downsample_4x_540x960/frame_0258.png,downsample_8x_270x480/frame_0258.png
frame_0259,1250,52.077083333333334,full_resolution/frame_0259.png,downsample_2x_1080x1920/frame_0259.png,downsample_4x_540x960/frame_0259.png,downsample_8x_270x480/frame_0259.png
frame_0260,1256,52.327083333333334,full_resolution/frame_0260.png,downsample_2x_1080x1920/frame_0260.png,downsample_4x_540x960/frame_0260.png,downsample_8x_270x480/frame_0260.png
frame_0261,1257,52.36875,full_resolution/frame_0261.png,downsample_2x_1080x1920/frame_0261.png,downsample_4x_540x960/frame_0261.png,downsample_8x_270x480/frame_0261.png
frame_0262,1261,52.53541666666667,full_resolution/frame_0262.png,downsample_2x_1080x1920/frame_0262.png,downsample_4x_540x960/frame_0262.png,downsample_8x_270x480/frame_0262.png
frame_0263,1264,52.66041666666667,full_resolution/frame_0263.png,downsample_2x_1080x1920/frame_0263.png,downsample_4x_540x960/frame_0263.png,downsample_8x_270x480/frame_0263.png
frame_0264,1268,52.827083333333334,full_resolution/frame_0264.png,downsample_2x_1080x1920/frame_0264.png,downsample_4x_540x960/frame_0264.png,downsample_8x_270x480/frame_0264.png
frame_0265,1270,52.91041666666667,full_resolution/frame_0265.png,downsample_2x_1080x1920/frame_0265.png,downsample_4x_540x960/frame_0265.png,downsample_8x_270x480/frame_0265.png
frame_0266,1275,53.11875,full_resolution/frame_0266.png,downsample_2x_1080x1920/frame_0266.png,downsample_4x_540x960/frame_0266.png,downsample_8x_270x480/frame_0266.png
frame_0267,1281,53.36875,full_resolution/frame_0267.png,downsample_2x_1080x1920/frame_0267.png,downsample_4x_540x960/frame_0267.png,downsample_8x_270x480/frame_0267.png
frame_0268,1284,53.49375,full_resolution/frame_0268.png,downsample_2x_1080x1920/frame_0268.png,downsample_4x_540x960/frame_0268.png,downsample_8x_270x480/frame_0268.png
frame_0269,1288,53.66041666666667,full_resolution/frame_0269.png,downsample_2x_1080x1920/frame_0269.png,downsample_4x_540x960/frame_0269.png,downsample_8x_270x480/frame_0269.png
frame_0270,1294,53.91041666666667,full_resolution/frame_0270.png,downsample_2x_1080x1920/frame_0270.png,downsample_4x_540x960/frame_0270.png,downsample_8x_270x480/frame_0270.png
frame_0271,1298,54.077083333333334,full_resolution/frame_0271.png,downsample_2x_1080x1920/frame_0271.png,downsample_4x_540x960/frame_0271.png,downsample_8x_270x480/frame_0271.png
frame_0272,1302,54.24375,full_resolution/frame_0272.png,downsample_2x_1080x1920/frame_0272.png,downsample_4x_540x960/frame_0272.png,downsample_8x_270x480/frame_0272.png
frame_0273,1306,54.41041666666667,full_resolution/frame_0273.png,downsample_2x_1080x1920/frame_0273.png,downsample_4x_540x960/frame_0273.png,downsample_8x_270x480/frame_0273.png
frame_0274,1314,54.74375,full_resolution/frame_0274.png,downsample_2x_1080x1920/frame_0274.png,downsample_4x_540x960/frame_0274.png,downsample_8x_270x480/frame_0274.png
frame_0275,1320,54.99375,full_resolution/frame_0275.png,downsample_2x_1080x1920/frame_0275.png,downsample_4x_540x960/frame_0275.png,downsample_8x_270x480/frame_0275.png
frame_0276,1324,55.16041666666667,full_resolution/frame_0276.png,downsample_2x_1080x1920/frame_0276.png,downsample_4x_540x960/frame_0276.png,downsample_8x_270x480/frame_0276.png
frame_0277,1328,55.327083333333334,full_resolution/frame_0277.png,downsample_2x_1080x1920/frame_0277.png,downsample_4x_540x960/frame_0277.png,downsample_8x_270x480/frame_0277.png
frame_0278,1334,55.577083333333334,full_resolution/frame_0278.png,downsample_2x_1080x1920/frame_0278.png,downsample_4x_540x960/frame_0278.png,downsample_8x_270x480/frame_0278.png
frame_0279,1338,55.74375,full_resolution/frame_0279.png,downsample_2x_1080x1920/frame_0279.png,downsample_4x_540x960/frame_0279.png,downsample_8x_270x480/frame_0279.png
frame_0280,1342,55.91041666666667,full_resolution/frame_0280.png,downsample_2x_1080x1920/frame_0280.png,downsample_4x_540x960/frame_0280.png,downsample_8x_270x480/frame_0280.png
frame_0281,1347,56.11875,full_resolution/frame_0281.png,downsample_2x_1080x1920/frame_0281.png,downsample_4x_540x960/frame_0281.png,downsample_8x_270x480/frame_0281.png
frame_0282,1353,56.36875,full_resolution/frame_0282.png,downsample_2x_1080x1920/frame_0282.png,downsample_4x_540x960/frame_0282.png,downsample_8x_270x480/frame_0282.png
frame_0283,1355,56.452083333333334,full_resolution/frame_0283.png,downsample_2x_1080x1920/frame_0283.png,downsample_4x_540x960/frame_0283.png,downsample_8x_270x480/frame_0283.png
frame_0284,1361,56.702083333333334,full_resolution/frame_0284.png,downsample_2x_1080x1920/frame_0284.png,downsample_4x_540x960/frame_0284.png,downsample_8x_270x480/frame_0284.png
frame_0285,1368,56.99375,full_resolution/frame_0285.png,downsample_2x_1080x1920/frame_0285.png,downsample_4x_540x960/frame_0285.png,downsample_8x_270x480/frame_0285.png
frame_0286,1375,57.28541666666667,full_resolution/frame_0286.png,downsample_2x_1080x1920/frame_0286.png,downsample_4x_540x960/frame_0286.png,downsample_8x_270x480/frame_0286.png
frame_0287,1381,57.53541666666667,full_resolution/frame_0287.png,downsample_2x_1080x1920/frame_0287.png,downsample_4x_540x960/frame_0287.png,downsample_8x_270x480/frame_0287.png
frame_0288,1387,57.78333333333333,full_resolution/frame_0288.png,downsample_2x_1080x1920/frame_0288.png,downsample_4x_540x960/frame_0288.png,downsample_8x_270x480/frame_0288.png
frame_0289,1391,57.95,full_resolution/frame_0289.png,downsample_2x_1080x1920/frame_0289.png,downsample_4x_540x960/frame_0289.png,downsample_8x_270x480/frame_0289.png
frame_0290,1397,58.2,full_resolution/frame_0290.png,downsample_2x_1080x1920/frame_0290.png,downsample_4x_540x960/frame_0290.png,downsample_8x_270x480/frame_0290.png
frame_0291,1402,58.40833333333333,full_resolution/frame_0291.png,downsample_2x_1080x1920/frame_0291.png,downsample_4x_540x960/frame_0291.png,downsample_8x_270x480/frame_0291.png
frame_0292,1407,58.61666666666667,full_resolution/frame_0292.png,downsample_2x_1080x1920/frame_0292.png,downsample_4x_540x960/frame_0292.png,downsample_8x_270x480/frame_0292.png
frame_0293,1412,58.825,full_resolution/frame_0293.png,downsample_2x_1080x1920/frame_0293.png,downsample_4x_540x960/frame_0293.png,downsample_8x_270x480/frame_0293.png
frame_0294,1417,59.03333333333333,full_resolution/frame_0294.png,downsample_2x_1080x1920/frame_0294.png,downsample_4x_540x960/frame_0294.png,downsample_8x_270x480/frame_0294.png
frame_0295,1420,59.15833333333333,full_resolution/frame_0295.png,downsample_2x_1080x1920/frame_0295.png,downsample_4x_540x960/frame_0295.png,downsample_8x_270x480/frame_0295.png
frame_0296,1425,59.36666666666667,full_resolution/frame_0296.png,downsample_2x_1080x1920/frame_0296.png,downsample_4x_540x960/frame_0296.png,downsample_8x_270x480/frame_0296.png
frame_0297,1427,59.45,full_resolution/frame_0297.png,downsample_2x_1080x1920/frame_0297.png,downsample_4x_540x960/frame_0297.png,downsample_8x_270x480/frame_0297.png
frame_0298,1434,59.74166666666667,full_resolution/frame_0298.png,downsample_2x_1080x1920/frame_0298.png,downsample_4x_540x960/frame_0298.png,downsample_8x_270x480/frame_0298.png
frame_0299,1435,59.78333333333333,full_resolution/frame_0299.png,downsample_2x_1080x1920/frame_0299.png,downsample_4x_540x960/frame_0299.png,downsample_8x_270x480/frame_0299.png
frame_0300,1442,60.075,full_resolution/frame_0300.png,downsample_2x_1080x1920/frame_0300.png,downsample_4x_540x960/frame_0300.png,downsample_8x_270x480/frame_0300.png
frame_0301,1448,60.325,full_resolution/frame_0301.png,downsample_2x_1080x1920/frame_0301.png,downsample_4x_540x960/frame_0301.png,downsample_8x_270x480/frame_0301.png
frame_0302,1454,60.575,full_resolution/frame_0302.png,downsample_2x_1080x1920/frame_0302.png,downsample_4x_540x960/frame_0302.png,downsample_8x_270x480/frame_0302.png
frame_0303,1458,60.74166666666667,full_resolution/frame_0303.png,downsample_2x_1080x1920/frame_0303.png,downsample_4x_540x960/frame_0303.png,downsample_8x_270x480/frame_0303.png
frame_0304,1462,60.90833333333333,full_resolution/frame_0304.png,downsample_2x_1080x1920/frame_0304.png,downsample_4x_540x960/frame_0304.png,downsample_8x_270x480/frame_0304.png
frame_0305,1465,61.03333333333333,full_resolution/frame_0305.png,downsample_2x_1080x1920/frame_0305.png,downsample_4x_540x960/frame_0305.png,downsample_8x_270x480/frame_0305.png
frame_0306,1468,61.15833333333333,full_resolution/frame_0306.png,downsample_2x_1080x1920/frame_0306.png,downsample_4x_540x960/frame_0306.png,downsample_8x_270x480/frame_0306.png
frame_0307,1471,61.28333333333333,full_resolution/frame_0307.png,downsample_2x_1080x1920/frame_0307.png,downsample_4x_540x960/frame_0307.png,downsample_8x_270x480/frame_0307.png
frame_0308,1478,61.575,full_resolution/frame_0308.png,downsample_2x_1080x1920/frame_0308.png,downsample_4x_540x960/frame_0308.png,downsample_8x_270x480/frame_0308.png
frame_0309,1482,61.74166666666667,full_resolution/frame_0309.png,downsample_2x_1080x1920/frame_0309.png,downsample_4x_540x960/frame_0309.png,downsample_8x_270x480/frame_0309.png
frame_0310,1485,61.86666666666667,full_resolution/frame_0310.png,downsample_2x_1080x1920/frame_0310.png,downsample_4x_540x960/frame_0310.png,downsample_8x_270x480/frame_0310.png
frame_0311,1491,62.11666666666667,full_resolution/frame_0311.png,downsample_2x_1080x1920/frame_0311.png,downsample_4x_540x960/frame_0311.png,downsample_8x_270x480/frame_0311.png
frame_0312,1496,62.325,full_resolution/frame_0312.png,downsample_2x_1080x1920/frame_0312.png,downsample_4x_540x960/frame_0312.png,downsample_8x_270x480/frame_0312.png
frame_0313,1498,62.40833333333333,full_resolution/frame_0313.png,downsample_2x_1080x1920/frame_0313.png,downsample_4x_540x960/frame_0313.png,downsample_8x_270x480/frame_0313.png
frame_0314,1506,62.74166666666667,full_resolution/frame_0314.png,downsample_2x_1080x1920/frame_0314.png,downsample_4x_540x960/frame_0314.png,downsample_8x_270x480/frame_0314.png
frame_0315,1512,62.99166666666667,full_resolution/frame_0315.png,downsample_2x_1080x1920/frame_0315.png,downsample_4x_540x960/frame_0315.png,downsample_8x_270x480/frame_0315.png
frame_0316,1517,63.2,full_resolution/frame_0316.png,downsample_2x_1080x1920/frame_0316.png,downsample_4x_540x960/frame_0316.png,downsample_8x_270x480/frame_0316.png
frame_0317,1526,63.575,full_resolution/frame_0317.png,downsample_2x_1080x1920/frame_0317.png,downsample_4x_540x960/frame_0317.png,downsample_8x_270x480/frame_0317.png
frame_0318,1533,63.86666666666667,full_resolution/frame_0318.png,downsample_2x_1080x1920/frame_0318.png,downsample_4x_540x960/frame_0318.png,downsample_8x_270x480/frame_0318.png
frame_0319,1539,64.11666666666666,full_resolution/frame_0319.png,downsample_2x_1080x1920/frame_0319.png,downsample_4x_540x960/frame_0319.png,downsample_8x_270x480/frame_0319.png
frame_0320,1546,64.40833333333333,full_resolution/frame_0320.png,downsample_2x_1080x1920/frame_0320.png,downsample_4x_540x960/frame_0320.png,downsample_8x_270x480/frame_0320.png
frame_0321,1551,64.61666666666666,full_resolution/frame_0321.png,downsample_2x_1080x1920/frame_0321.png,downsample_4x_540x960/frame_0321.png,downsample_8x_270x480/frame_0321.png
frame_0322,1558,64.90833333333333,full_resolution/frame_0322.png,downsample_2x_1080x1920/frame_0322.png,downsample_4x_540x960/frame_0322.png,downsample_8x_270x480/frame_0322.png
frame_0323,1566,65.24166666666666,full_resolution/frame_0323.png,downsample_2x_1080x1920/frame_0323.png,downsample_4x_540x960/frame_0323.png,downsample_8x_270x480/frame_0323.png
frame_0324,1574,65.575,full_resolution/frame_0324.png,downsample_2x_1080x1920/frame_0324.png,downsample_4x_540x960/frame_0324.png,downsample_8x_270x480/frame_0324.png
frame_0325,1581,65.86666666666666,full_resolution/frame_0325.png,downsample_2x_1080x1920/frame_0325.png,downsample_4x_540x960/frame_0325.png,downsample_8x_270x480/frame_0325.png
frame_0326,1589,66.2,full_resolution/frame_0326.png,downsample_2x_1080x1920/frame_0326.png,downsample_4x_540x960/frame_0326.png,downsample_8x_270x480/frame_0326.png
frame_0327,1597,66.53333333333333,full_resolution/frame_0327.png,downsample_2x_1080x1920/frame_0327.png,downsample_4x_540x960/frame_0327.png,downsample_8x_270x480/frame_0327.png
frame_0328,1605,66.86666666666666,full_resolution/frame_0328.png,downsample_2x_1080x1920/frame_0328.png,downsample_4x_540x960/frame_0328.png,downsample_8x_270x480/frame_0328.png
frame_0329,1611,67.11666666666666,full_resolution/frame_0329.png,downsample_2x_1080x1920/frame_0329.png,downsample_4x_540x960/frame_0329.png,downsample_8x_270x480/frame_0329.png
frame_0330,1617,67.36666666666666,full_resolution/frame_0330.png,downsample_2x_1080x1920/frame_0330.png,downsample_4x_540x960/frame_0330.png,downsample_8x_270x480/frame_0330.png
frame_0331,1625,67.7,full_resolution/frame_0331.png,downsample_2x_1080x1920/frame_0331.png,downsample_4x_540x960/frame_0331.png,downsample_8x_270x480/frame_0331.png
frame_0332,1629,67.86666666666666,full_resolution/frame_0332.png,downsample_2x_1080x1920/frame_0332.png,downsample_4x_540x960/frame_0332.png,downsample_8x_270x480/frame_0332.png
frame_0333,1639,68.28333333333333,full_resolution/frame_0333.png,downsample_2x_1080x1920/frame_0333.png,downsample_4x_540x960/frame_0333.png,downsample_8x_270x480/frame_0333.png
frame_0334,1645,68.53333333333333,full_resolution/frame_0334.png,downsample_2x_1080x1920/frame_0334.png,downsample_4x_540x960/frame_0334.png,downsample_8x_270x480/frame_0334.png
frame_0335,1652,68.825,full_resolution/frame_0335.png,downsample_2x_1080x1920/frame_0335.png,downsample_4x_540x960/frame_0335.png,downsample_8x_270x480/frame_0335.png
frame_0336,1659,69.11666666666666,full_resolution/frame_0336.png,downsample_2x_1080x1920/frame_0336.png,downsample_4x_540x960/frame_0336.png,downsample_8x_270x480/frame_0336.png
frame_0337,1664,69.325,full_resolution/frame_0337.png,downsample_2x_1080x1920/frame_0337.png,downsample_4x_540x960/frame_0337.png,downsample_8x_270x480/frame_0337.png
frame_0338,1673,69.7,full_resolution/frame_0338.png,downsample_2x_1080x1920/frame_0338.png,downsample_4x_540x960/frame_0338.png,downsample_8x_270x480/frame_0338.png
frame_0339,1680,69.99166666666666,full_resolution/frame_0339.png,downsample_2x_1080x1920/frame_0339.png,downsample_4x_540x960/frame_0339.png,downsample_8x_270x480/frame_0339.png
frame_0340,1688,70.325,full_resolution/frame_0340.png,downsample_2x_1080x1920/frame_0340.png,downsample_4x_540x960/frame_0340.png,downsample_8x_270x480/frame_0340.png
frame_0341,1695,70.61666666666666,full_resolution/frame_0341.png,downsample_2x_1080x1920/frame_0341.png,downsample_4x_540x960/frame_0341.png,downsample_8x_270x480/frame_0341.png
frame_0342,1702,70.90833333333333,full_resolution/frame_0342.png,downsample_2x_1080x1920/frame_0342.png,downsample_4x_540x960/frame_0342.png,downsample_8x_270x480/frame_0342.png
frame_0343,1708,71.15833333333333,full_resolution/frame_0343.png,downsample_2x_1080x1920/frame_0343.png,downsample_4x_540x960/frame_0343.png,downsample_8x_270x480/frame_0343.png
frame_0344,1715,71.45,full_resolution/frame_0344.png,downsample_2x_1080x1920/frame_0344.png,downsample_4x_540x960/frame_0344.png,downsample_8x_270x480/frame_0344.png
frame_0345,1722,71.74166666666666,full_resolution/frame_0345.png,downsample_2x_1080x1920/frame_0345.png,downsample_4x_540x960/frame_0345.png,downsample_8x_270x480/frame_0345.png
frame_0346,1729,72.03333333333333,full_resolution/frame_0346.png,downsample_2x_1080x1920/frame_0346.png,downsample_4x_540x960/frame_0346.png,downsample_8x_270x480/frame_0346.png
frame_0347,1731,72.11666666666666,full_resolution/frame_0347.png,downsample_2x_1080x1920/frame_0347.png,downsample_4x_540x960/frame_0347.png,downsample_8x_270x480/frame_0347.png
frame_0348,1739,72.45,full_resolution/frame_0348.png,downsample_2x_1080x1920/frame_0348.png,downsample_4x_540x960/frame_0348.png,downsample_8x_270x480/frame_0348.png
frame_0349,1743,72.61666666666666,full_resolution/frame_0349.png,downsample_2x_1080x1920/frame_0349.png,downsample_4x_540x960/frame_0349.png,downsample_8x_270x480/frame_0349.png
frame_0350,1748,72.825,full_resolution/frame_0350.png,downsample_2x_1080x1920/frame_0350.png,downsample_4x_540x960/frame_0350.png,downsample_8x_270x480/frame_0350.png
frame_0351,1755,73.11666666666666,full_resolution/frame_0351.png,downsample_2x_1080x1920/frame_0351.png,downsample_4x_540x960/frame_0351.png,downsample_8x_270x480/frame_0351.png
frame_0352,1761,73.36666666666666,full_resolution/frame_0352.png,downsample_2x_1080x1920/frame_0352.png,downsample_4x_540x960/frame_0352.png,downsample_8x_270x480/frame_0352.png
frame_0353,1767,73.61666666666666,full_resolution/frame_0353.png,downsample_2x_1080x1920/frame_0353.png,downsample_4x_540x960/frame_0353.png,downsample_8x_270x480/frame_0353.png
frame_0354,1768,73.65833333333333,full_resolution/frame_0354.png,downsample_2x_1080x1920/frame_0354.png,downsample_4x_540x960/frame_0354.png,downsample_8x_270x480/frame_0354.png
frame_0355,1775,73.95,full_resolution/frame_0355.png,downsample_2x_1080x1920/frame_0355.png,downsample_4x_540x960/frame_0355.png,downsample_8x_270x480/frame_0355.png
frame_0356,1781,74.19791666666667,full_resolution/frame_0356.png,downsample_2x_1080x1920/frame_0356.png,downsample_4x_540x960/frame_0356.png,downsample_8x_270x480/frame_0356.png
frame_0357,1787,74.44791666666667,full_resolution/frame_0357.png,downsample_2x_1080x1920/frame_0357.png,downsample_4x_540x960/frame_0357.png,downsample_8x_270x480/frame_0357.png
frame_0358,1792,74.65625,full_resolution/frame_0358.png,downsample_2x_1080x1920/frame_0358.png,downsample_4x_540x960/frame_0358.png,downsample_8x_270x480/frame_0358.png
frame_0359,1796,74.82291666666667,full_resolution/frame_0359.png,downsample_2x_1080x1920/frame_0359.png,downsample_4x_540x960/frame_0359.png,downsample_8x_270x480/frame_0359.png
frame_0360,1800,74.98958333333333,full_resolution/frame_0360.png,downsample_2x_1080x1920/frame_0360.png,downsample_4x_540x960/frame_0360.png,downsample_8x_270x480/frame_0360.png
frame_0361,1803,75.11458333333333,full_resolution/frame_0361.png,downsample_2x_1080x1920/frame_0361.png,downsample_4x_540x960/frame_0361.png,downsample_8x_270x480/frame_0361.png
frame_0362,1807,75.28125,full_resolution/frame_0362.png,downsample_2x_1080x1920/frame_0362.png,downsample_4x_540x960/frame_0362.png,downsample_8x_270x480/frame_0362.png
frame_0363,1812,75.48958333333333,full_resolution/frame_0363.png,downsample_2x_1080x1920/frame_0363.png,downsample_4x_540x960/frame_0363.png,downsample_8x_270x480/frame_0363.png
frame_0364,1815,75.61458333333333,full_resolution/frame_0364.png,downsample_2x_1080x1920/frame_0364.png,downsample_4x_540x960/frame_0364.png,downsample_8x_270x480/frame_0364.png
frame_0365,1819,75.78125,full_resolution/frame_0365.png,downsample_2x_1080x1920/frame_0365.png,downsample_4x_540x960/frame_0365.png,downsample_8x_270x480/frame_0365.png
frame_0366,1825,76.03125,full_resolution/frame_0366.png,downsample_2x_1080x1920/frame_0366.png,downsample_4x_540x960/frame_0366.png,downsample_8x_270x480/frame_0366.png
frame_0367,1831,76.28125,full_resolution/frame_0367.png,downsample_2x_1080x1920/frame_0367.png,downsample_4x_540x960/frame_0367.png,downsample_8x_270x480/frame_0367.png
frame_0368,1832,76.32291666666667,full_resolution/frame_0368.png,downsample_2x_1080x1920/frame_0368.png,downsample_4x_540x960/frame_0368.png,downsample_8x_270x480/frame_0368.png
frame_0369,1839,76.61458333333333,full_resolution/frame_0369.png,downsample_2x_1080x1920/frame_0369.png,downsample_4x_540x960/frame_0369.png,downsample_8x_270x480/frame_0369.png
frame_0370,1844,76.82291666666667,full_resolution/frame_0370.png,downsample_2x_1080x1920/frame_0370.png,downsample_4x_540x960/frame_0370.png,downsample_8x_270x480/frame_0370.png
frame_0371,1847,76.94791666666667,full_resolution/frame_0371.png,downsample_2x_1080x1920/frame_0371.png,downsample_4x_540x960/frame_0371.png,downsample_8x_270x480/frame_0371.png
frame_0372,1851,77.11458333333333,full_resolution/frame_0372.png,downsample_2x_1080x1920/frame_0372.png,downsample_4x_540x960/frame_0372.png,downsample_8x_270x480/frame_0372.png
frame_0373,1856,77.32291666666667,full_resolution/frame_0373.png,downsample_2x_1080x1920/frame_0373.png,downsample_4x_540x960/frame_0373.png,downsample_8x_270x480/frame_0373.png
frame_0374,1863,77.61458333333333,full_resolution/frame_0374.png,downsample_2x_1080x1920/frame_0374.png,downsample_4x_540x960/frame_0374.png,downsample_8x_270x480/frame_0374.png
frame_0375,1868,77.82291666666667,full_resolution/frame_0375.png,downsample_2x_1080x1920/frame_0375.png,downsample_4x_540x960/frame_0375.png,downsample_8x_270x480/frame_0375.png
frame_0376,1873,78.03125,full_resolution/frame_0376.png,downsample_2x_1080x1920/frame_0376.png,downsample_4x_540x960/frame_0376.png,downsample_8x_270x480/frame_0376.png
frame_0377,1878,78.23958333333333,full_resolution/frame_0377.png,downsample_2x_1080x1920/frame_0377.png,downsample_4x_540x960/frame_0377.png,downsample_8x_270x480/frame_0377.png
frame_0378,1881,78.36458333333333,full_resolution/frame_0378.png,downsample_2x_1080x1920/frame_0378.png,downsample_4x_540x960/frame_0378.png,downsample_8x_270x480/frame_0378.png
frame_0379,1886,78.57291666666667,full_resolution/frame_0379.png,downsample_2x_1080x1920/frame_0379.png,downsample_4x_540x960/frame_0379.png,downsample_8x_270x480/frame_0379.png
frame_0380,1891,78.78125,full_resolution/frame_0380.png,downsample_2x_1080x1920/frame_0380.png,downsample_4x_540x960/frame_0380.png,downsample_8x_270x480/frame_0380.png
frame_0381,1894,78.90625,full_resolution/frame_0381.png,downsample_2x_1080x1920/frame_0381.png,downsample_4x_540x960/frame_0381.png,downsample_8x_270x480/frame_0381.png
frame_0382,1897,79.03125,full_resolution/frame_0382.png,downsample_2x_1080x1920/frame_0382.png,downsample_4x_540x960/frame_0382.png,downsample_8x_270x480/frame_0382.png
frame_0383,1906,79.40625,full_resolution/frame_0383.png,downsample_2x_1080x1920/frame_0383.png,downsample_4x_540x960/frame_0383.png,downsample_8x_270x480/frame_0383.png
frame_0384,1909,79.53125,full_resolution/frame_0384.png,downsample_2x_1080x1920/frame_0384.png,downsample_4x_540x960/frame_0384.png,downsample_8x_270x480/frame_0384.png
frame_0385,1914,79.73958333333333,full_resolution/frame_0385.png,downsample_2x_1080x1920/frame_0385.png,downsample_4x_540x960/frame_0385.png,downsample_8x_270x480/frame_0385.png
frame_0386,1916,79.82291666666667,full_resolution/frame_0386.png,downsample_2x_1080x1920/frame_0386.png,downsample_4x_540x960/frame_0386.png,downsample_8x_270x480/frame_0386.png
frame_0387,1920,79.98958333333333,full_resolution/frame_0387.png,downsample_2x_1080x1920/frame_0387.png,downsample_4x_540x960/frame_0387.png,downsample_8x_270x480/frame_0387.png
frame_0388,1924,80.15625,full_resolution/frame_0388.png,downsample_2x_1080x1920/frame_0388.png,downsample_4x_540x960/frame_0388.png,downsample_8x_270x480/frame_0388.png
frame_0389,1926,80.23958333333333,full_resolution/frame_0389.png,downsample_2x_1080x1920/frame_0389.png,downsample_4x_540x960/frame_0389.png,downsample_8x_270x480/frame_0389.png
frame_0390,1932,80.48958333333333,full_resolution/frame_0390.png,downsample_2x_1080x1920/frame_0390.png,downsample_4x_540x960/frame_0390.png,downsample_8x_270x480/frame_0390.png
frame_0391,1935,80.61458333333333,full_resolution/frame_0391.png,downsample_2x_1080x1920/frame_0391.png,downsample_4x_540x960/frame_0391.png,downsample_8x_270x480/frame_0391.png
frame_0392,1940,80.82291666666667,full_resolution/frame_0392.png,downsample_2x_1080x1920/frame_0392.png,downsample_4x_540x960/frame_0392.png,downsample_8x_270x480/frame_0392.png
frame_0393,1943,80.94791666666667,full_resolution/frame_0393.png,downsample_2x_1080x1920/frame_0393.png,downsample_4x_540x960/frame_0393.png,downsample_8x_270x480/frame_0393.png
frame_0394,1950,81.23958333333333,full_resolution/frame_0394.png,downsample_2x_1080x1920/frame_0394.png,downsample_4x_540x960/frame_0394.png,downsample_8x_270x480/frame_0394.png
frame_0395,1961,81.69791666666667,full_resolution/frame_0395.png,downsample_2x_1080x1920/frame_0395.png,downsample_4x_540x960/frame_0395.png,downsample_8x_270x480/frame_0395.png
frame_0396,1967,81.94791666666667,full_resolution/frame_0396.png,downsample_2x_1080x1920/frame_0396.png,downsample_4x_540x960/frame_0396.png,downsample_8x_270x480/frame_0396.png
frame_0397,1970,82.07291666666667,full_resolution/frame_0397.png,downsample_2x_1080x1920/frame_0397.png,downsample_4x_540x960/frame_0397.png,downsample_8x_270x480/frame_0397.png
frame_0398,1976,82.32291666666667,full_resolution/frame_0398.png,downsample_2x_1080x1920/frame_0398.png,downsample_4x_540x960/frame_0398.png,downsample_8x_270x480/frame_0398.png
frame_0399,1982,82.57291666666667,full_resolution/frame_0399.png,downsample_2x_1080x1920/frame_0399.png,downsample_4x_540x960/frame_0399.png,downsample_8x_270x480/frame_0399.png
frame_0400,1984,82.65625,full_resolution/frame_0400.png,downsample_2x_1080x1920/frame_0400.png,downsample_4x_540x960/frame_0400.png,downsample_8x_270x480/frame_0400.png
frame_0401,1991,82.94791666666667,full_resolution/frame_0401.png,downsample_2x_1080x1920/frame_0401.png,downsample_4x_540x960/frame_0401.png,downsample_8x_270x480/frame_0401.png
frame_0402,1996,83.15625,full_resolution/frame_0402.png,downsample_2x_1080x1920/frame_0402.png,downsample_4x_540x960/frame_0402.png,downsample_8x_270x480/frame_0402.png
frame_0403,2002,83.40625,full_resolution/frame_0403.png,downsample_2x_1080x1920/frame_0403.png,downsample_4x_540x960/frame_0403.png,downsample_8x_270x480/frame_0403.png
frame_0404,2007,83.61458333333333,full_resolution/frame_0404.png,downsample_2x_1080x1920/frame_0404.png,downsample_4x_540x960/frame_0404.png,downsample_8x_270x480/frame_0404.png
frame_0405,2008,83.65625,full_resolution/frame_0405.png,downsample_2x_1080x1920/frame_0405.png,downsample_4x_540x960/frame_0405.png,downsample_8x_270x480/frame_0405.png
frame_0406,2015,83.94791666666667,full_resolution/frame_0406.png,downsample_2x_1080x1920/frame_0406.png,downsample_4x_540x960/frame_0406.png,downsample_8x_270x480/frame_0406.png
frame_0407,2016,83.98958333333333,full_resolution/frame_0407.png,downsample_2x_1080x1920/frame_0407.png,downsample_4x_540x960/frame_0407.png,downsample_8x_270x480/frame_0407.png
frame_0408,2021,84.19791666666667,full_resolution/frame_0408.png,downsample_2x_1080x1920/frame_0408.png,downsample_4x_540x960/frame_0408.png,downsample_8x_270x480/frame_0408.png
frame_0409,2025,84.36458333333333,full_resolution/frame_0409.png,downsample_2x_1080x1920/frame_0409.png,downsample_4x_540x960/frame_0409.png,downsample_8x_270x480/frame_0409.png
frame_0410,2028,84.48958333333333,full_resolution/frame_0410.png,downsample_2x_1080x1920/frame_0410.png,downsample_4x_540x960/frame_0410.png,downsample_8x_270x480/frame_0410.png
frame_0411,2034,84.73958333333333,full_resolution/frame_0411.png,downsample_2x_1080x1920/frame_0411.png,downsample_4x_540x960/frame_0411.png,downsample_8x_270x480/frame_0411.png
frame_0412,2039,84.94791666666667,full_resolution/frame_0412.png,downsample_2x_1080x1920/frame_0412.png,downsample_4x_540x960/frame_0412.png,downsample_8x_270x480/frame_0412.png
frame_0413,2047,85.28125,full_resolution/frame_0413.png,downsample_2x_1080x1920/frame_0413.png,downsample_4x_540x960/frame_0413.png,downsample_8x_270x480/frame_0413.png
frame_0414,2053,85.53125,full_resolution/frame_0414.png,downsample_2x_1080x1920/frame_0414.png,downsample_4x_540x960/frame_0414.png,downsample_8x_270x480/frame_0414.png
frame_0415,2061,85.86458333333333,full_resolution/frame_0415.png,downsample_2x_1080x1920/frame_0415.png,downsample_4x_540x960/frame_0415.png,downsample_8x_270x480/frame_0415.png
frame_0416,2065,86.03125,full_resolution/frame_0416.png,downsample_2x_1080x1920/frame_0416.png,downsample_4x_540x960/frame_0416.png,downsample_8x_270x480/frame_0416.png
frame_0417,2073,86.36458333333333,full_resolution/frame_0417.png,downsample_2x_1080x1920/frame_0417.png,downsample_4x_540x960/frame_0417.png,downsample_8x_270x480/frame_0417.png
frame_0418,2081,86.69791666666667,full_resolution/frame_0418.png,downsample_2x_1080x1920/frame_0418.png,downsample_4x_540x960/frame_0418.png,downsample_8x_270x480/frame_0418.png
frame_0419,2083,86.78125,full_resolution/frame_0419.png,downsample_2x_1080x1920/frame_0419.png,downsample_4x_540x960/frame_0419.png,downsample_8x_270x480/frame_0419.png
frame_0420,2093,87.19791666666667,full_resolution/frame_0420.png,downsample_2x_1080x1920/frame_0420.png,downsample_4x_540x960/frame_0420.png,downsample_8x_270x480/frame_0420.png
frame_0421,2094,87.23958333333333,full_resolution/frame_0421.png,downsample_2x_1080x1920/frame_0421.png,downsample_4x_540x960/frame_0421.png,downsample_8x_270x480/frame_0421.png
frame_0422,2104,87.65625,full_resolution/frame_0422.png,downsample_2x_1080x1920/frame_0422.png,downsample_4x_540x960/frame_0422.png,downsample_8x_270x480/frame_0422.png
frame_0423,2107,87.78125,full_resolution/frame_0423.png,downsample_2x_1080x1920/frame_0423.png,downsample_4x_540x960/frame_0423.png,downsample_8x_270x480/frame_0423.png
frame_0424,2116,88.15625,full_resolution/frame_0424.png,downsample_2x_1080x1920/frame_0424.png,downsample_4x_540x960/frame_0424.png,downsample_8x_270x480/frame_0424.png
frame_0425,2117,88.19791666666667,full_resolution/frame_0425.png,downsample_2x_1080x1920/frame_0425.png,downsample_4x_540x960/frame_0425.png,downsample_8x_270x480/frame_0425.png
frame_0426,2122,88.40625,full_resolution/frame_0426.png,downsample_2x_1080x1920/frame_0426.png,downsample_4x_540x960/frame_0426.png,downsample_8x_270x480/frame_0426.png
frame_0427,2125,88.53125,full_resolution/frame_0427.png,downsample_2x_1080x1920/frame_0427.png,downsample_4x_540x960/frame_0427.png,downsample_8x_270x480/frame_0427.png
frame_0428,2133,88.86458333333333,full_resolution/frame_0428.png,downsample_2x_1080x1920/frame_0428.png,downsample_4x_540x960/frame_0428.png,downsample_8x_270x480/frame_0428.png
frame_0429,2134,88.90625,full_resolution/frame_0429.png,downsample_2x_1080x1920/frame_0429.png,downsample_4x_540x960/frame_0429.png,downsample_8x_270x480/frame_0429.png
frame_0430,2139,89.11458333333333,full_resolution/frame_0430.png,downsample_2x_1080x1920/frame_0430.png,downsample_4x_540x960/frame_0430.png,downsample_8x_270x480/frame_0430.png
frame_0431,2147,89.44791666666667,full_resolution/frame_0431.png,downsample_2x_1080x1920/frame_0431.png,downsample_4x_540x960/frame_0431.png,downsample_8x_270x480/frame_0431.png
frame_0432,2153,89.69791666666667,full_resolution/frame_0432.png,downsample_2x_1080x1920/frame_0432.png,downsample_4x_540x960/frame_0432.png,downsample_8x_270x480/frame_0432.png
frame_0433,2158,89.90625,full_resolution/frame_0433.png,downsample_2x_1080x1920/frame_0433.png,downsample_4x_540x960/frame_0433.png,downsample_8x_270x480/frame_0433.png
frame_0434,2163,90.11458333333333,full_resolution/frame_0434.png,downsample_2x_1080x1920/frame_0434.png,downsample_4x_540x960/frame_0434.png,downsample_8x_270x480/frame_0434.png
frame_0435,2165,90.19791666666667,full_resolution/frame_0435.png,downsample_2x_1080x1920/frame_0435.png,downsample_4x_540x960/frame_0435.png,downsample_8x_270x480/frame_0435.png
frame_0436,2171,90.44791666666667,full_resolution/frame_0436.png,downsample_2x_1080x1920/frame_0436.png,downsample_4x_540x960/frame_0436.png,downsample_8x_270x480/frame_0436.png
frame_0437,2176,90.65416666666667,full_resolution/frame_0437.png,downsample_2x_1080x1920/frame_0437.png,downsample_4x_540x960/frame_0437.png,downsample_8x_270x480/frame_0437.png
frame_0438,2179,90.77916666666667,full_resolution/frame_0438.png,downsample_2x_1080x1920/frame_0438.png,downsample_4x_540x960/frame_0438.png,downsample_8x_270x480/frame_0438.png
frame_0439,2185,91.02916666666667,full_resolution/frame_0439.png,downsample_2x_1080x1920/frame_0439.png,downsample_4x_540x960/frame_0439.png,downsample_8x_270x480/frame_0439.png
frame_0440,2187,91.1125,full_resolution/frame_0440.png,downsample_2x_1080x1920/frame_0440.png,downsample_4x_540x960/frame_0440.png,downsample_8x_270x480/frame_0440.png
frame_0441,2191,91.27916666666667,full_resolution/frame_0441.png,downsample_2x_1080x1920/frame_0441.png,downsample_4x_540x960/frame_0441.png,downsample_8x_270x480/frame_0441.png
frame_0442,2193,91.3625,full_resolution/frame_0442.png,downsample_2x_1080x1920/frame_0442.png,downsample_4x_540x960/frame_0442.png,downsample_8x_270x480/frame_0442.png
frame_0443,2196,91.4875,full_resolution/frame_0443.png,downsample_2x_1080x1920/frame_0443.png,downsample_4x_540x960/frame_0443.png,downsample_8x_270x480/frame_0443.png
frame_0444,2200,91.65416666666667,full_resolution/frame_0444.png,downsample_2x_1080x1920/frame_0444.png,downsample_4x_540x960/frame_0444.png,downsample_8x_270x480/frame_0444.png
frame_0445,2203,91.77916666666667,full_resolution/frame_0445.png,downsample_2x_1080x1920/frame_0445.png,downsample_4x_540x960/frame_0445.png,downsample_8x_270x480/frame_0445.png
frame_0446,2205,91.8625,full_resolution/frame_0446.png,downsample_2x_1080x1920/frame_0446.png,downsample_4x_540x960/frame_0446.png,downsample_8x_270x480/frame_0446.png
frame_0447,2209,92.02916666666667,full_resolution/frame_0447.png,downsample_2x_1080x1920/frame_0447.png,downsample_4x_540x960/frame_0447.png,downsample_8x_270x480/frame_0447.png
frame_0448,2214,92.2375,full_resolution/frame_0448.png,downsample_2x_1080x1920/frame_0448.png,downsample_4x_540x960/frame_0448.png,downsample_8x_270x480/frame_0448.png
frame_0449,2217,92.3625,full_resolution/frame_0449.png,downsample_2x_1080x1920/frame_0449.png,downsample_4x_540x960/frame_0449.png,downsample_8x_270x480/frame_0449.png
frame_0450,2221,92.52916666666667,full_resolution/frame_0450.png,downsample_2x_1080x1920/frame_0450.png,downsample_4x_540x960/frame_0450.png,downsample_8x_270x480/frame_0450.png
frame_0451,2227,92.77916666666667,full_resolution/frame_0451.png,downsample_2x_1080x1920/frame_0451.png,downsample_4x_540x960/frame_0451.png,downsample_8x_270x480/frame_0451.png
frame_0452,2233,93.02916666666667,full_resolution/frame_0452.png,downsample_2x_1080x1920/frame_0452.png,downsample_4x_540x960/frame_0452.png,downsample_8x_270x480/frame_0452.png
frame_0453,2241,93.3625,full_resolution/frame_0453.png,downsample_2x_1080x1920/frame_0453.png,downsample_4x_540x960/frame_0453.png,downsample_8x_270x480/frame_0453.png
frame_0454,2243,93.44583333333334,full_resolution/frame_0454.png,downsample_2x_1080x1920/frame_0454.png,downsample_4x_540x960/frame_0454.png,downsample_8x_270x480/frame_0454.png
frame_0455,2251,93.77916666666667,full_resolution/frame_0455.png,downsample_2x_1080x1920/frame_0455.png,downsample_4x_540x960/frame_0455.png,downsample_8x_270x480/frame_0455.png
frame_0456,2256,93.9875,full_resolution/frame_0456.png,downsample_2x_1080x1920/frame_0456.png,downsample_4x_540x960/frame_0456.png,downsample_8x_270x480/frame_0456.png
frame_0457,2262,94.2375,full_resolution/frame_0457.png,downsample_2x_1080x1920/frame_0457.png,downsample_4x_540x960/frame_0457.png,downsample_8x_270x480/frame_0457.png
frame_0458,2268,94.4875,full_resolution/frame_0458.png,downsample_2x_1080x1920/frame_0458.png,downsample_4x_540x960/frame_0458.png,downsample_8x_270x480/frame_0458.png
frame_0459,2272,94.65416666666667,full_resolution/frame_0459.png,downsample_2x_1080x1920/frame_0459.png,downsample_4x_540x960/frame_0459.png,downsample_8x_270x480/frame_0459.png
frame_0460,2277,94.8625,full_resolution/frame_0460.png,downsample_2x_1080x1920/frame_0460.png,downsample_4x_540x960/frame_0460.png,downsample_8x_270x480/frame_0460.png
frame_0461,2278,94.90416666666667,full_resolution/frame_0461.png,downsample_2x_1080x1920/frame_0461.png,downsample_4x_540x960/frame_0461.png,downsample_8x_270x480/frame_0461.png
frame_0462,2282,95.07083333333334,full_resolution/frame_0462.png,downsample_2x_1080x1920/frame_0462.png,downsample_4x_540x960/frame_0462.png,downsample_8x_270x480/frame_0462.png
frame_0463,2284,95.15416666666667,full_resolution/frame_0463.png,downsample_2x_1080x1920/frame_0463.png,downsample_4x_540x960/frame_0463.png,downsample_8x_270x480/frame_0463.png
frame_0464,2288,95.32083333333334,full_resolution/frame_0464.png,downsample_2x_1080x1920/frame_0464.png,downsample_4x_540x960/frame_0464.png,downsample_8x_270x480/frame_0464.png
frame_0465,2291,95.44583333333334,full_resolution/frame_0465.png,downsample_2x_1080x1920/frame_0465.png,downsample_4x_540x960/frame_0465.png,downsample_8x_270x480/frame_0465.png
frame_0466,2295,95.6125,full_resolution/frame_0466.png,downsample_2x_1080x1920/frame_0466.png,downsample_4x_540x960/frame_0466.png,downsample_8x_270x480/frame_0466.png
frame_0467,2297,95.69583333333334,full_resolution/frame_0467.png,downsample_2x_1080x1920/frame_0467.png,downsample_4x_540x960/frame_0467.png,downsample_8x_270x480/frame_0467.png
frame_0468,2301,95.8625,full_resolution/frame_0468.png,downsample_2x_1080x1920/frame_0468.png,downsample_4x_540x960/frame_0468.png,downsample_8x_270x480/frame_0468.png
frame_0469,2303,95.94583333333334,full_resolution/frame_0469.png,downsample_2x_1080x1920/frame_0469.png,downsample_4x_540x960/frame_0469.png,downsample_8x_270x480/frame_0469.png
frame_0470,2306,96.07083333333334,full_resolution/frame_0470.png,downsample_2x_1080x1920/frame_0470.png,downsample_4x_540x960/frame_0470.png,downsample_8x_270x480/frame_0470.png
frame_0471,2308,96.15416666666667,full_resolution/frame_0471.png,downsample_2x_1080x1920/frame_0471.png,downsample_4x_540x960/frame_0471.png,downsample_8x_270x480/frame_0471.png
frame_0472,2314,96.40416666666667,full_resolution/frame_0472.png,downsample_2x_1080x1920/frame_0472.png,downsample_4x_540x960/frame_0472.png,downsample_8x_270x480/frame_0472.png
frame_0473,2318,96.57083333333334,full_resolution/frame_0473.png,downsample_2x_1080x1920/frame_0473.png,downsample_4x_540x960/frame_0473.png,downsample_8x_270x480/frame_0473.png
frame_0474,2326,96.90416666666667,full_resolution/frame_0474.png,downsample_2x_1080x1920/frame_0474.png,downsample_4x_540x960/frame_0474.png,downsample_8x_270x480/frame_0474.png
frame_0475,2329,97.02916666666667,full_resolution/frame_0475.png,downsample_2x_1080x1920/frame_0475.png,downsample_4x_540x960/frame_0475.png,downsample_8x_270x480/frame_0475.png
frame_0476,2336,97.32083333333334,full_resolution/frame_0476.png,downsample_2x_1080x1920/frame_0476.png,downsample_4x_540x960/frame_0476.png,downsample_8x_270x480/frame_0476.png
frame_0477,2341,97.52916666666667,full_resolution/frame_0477.png,downsample_2x_1080x1920/frame_0477.png,downsample_4x_540x960/frame_0477.png,downsample_8x_270x480/frame_0477.png
frame_0478,2345,97.69583333333334,full_resolution/frame_0478.png,downsample_2x_1080x1920/frame_0478.png,downsample_4x_540x960/frame_0478.png,downsample_8x_270x480/frame_0478.png
frame_0479,2351,97.94583333333334,full_resolution/frame_0479.png,downsample_2x_1080x1920/frame_0479.png,downsample_4x_540x960/frame_0479.png,downsample_8x_270x480/frame_0479.png
frame_0480,2355,98.1125,full_resolution/frame_0480.png,downsample_2x_1080x1920/frame_0480.png,downsample_4x_540x960/frame_0480.png,downsample_8x_270x480/frame_0480.png
frame_0481,2362,98.40416666666667,full_resolution/frame_0481.png,downsample_2x_1080x1920/frame_0481.png,downsample_4x_540x960/frame_0481.png,downsample_8x_270x480/frame_0481.png
frame_0482,2369,98.69583333333334,full_resolution/frame_0482.png,downsample_2x_1080x1920/frame_0482.png,downsample_4x_540x960/frame_0482.png,downsample_8x_270x480/frame_0482.png
frame_0483,2373,98.8625,full_resolution/frame_0483.png,downsample_2x_1080x1920/frame_0483.png,downsample_4x_540x960/frame_0483.png,downsample_8x_270x480/frame_0483.png
frame_0484,2376,98.9875,full_resolution/frame_0484.png,downsample_2x_1080x1920/frame_0484.png,downsample_4x_540x960/frame_0484.png,downsample_8x_270x480/frame_0484.png
frame_0485,2382,99.2375,full_resolution/frame_0485.png,downsample_2x_1080x1920/frame_0485.png,downsample_4x_540x960/frame_0485.png,downsample_8x_270x480/frame_0485.png
frame_0486,2388,99.4875,full_resolution/frame_0486.png,downsample_2x_1080x1920/frame_0486.png,downsample_4x_540x960/frame_0486.png,downsample_8x_270x480/frame_0486.png
frame_0487,2389,99.52916666666667,full_resolution/frame_0487.png,downsample_2x_1080x1920/frame_0487.png,downsample_4x_540x960/frame_0487.png,downsample_8x_270x480/frame_0487.png
frame_0488,2396,99.82083333333334,full_resolution/frame_0488.png,downsample_2x_1080x1920/frame_0488.png,downsample_4x_540x960/frame_0488.png,downsample_8x_270x480/frame_0488.png
frame_0489,2397,99.8625,full_resolution/frame_0489.png,downsample_2x_1080x1920/frame_0489.png,downsample_4x_540x960/frame_0489.png,downsample_8x_270x480/frame_0489.png
frame_0490,2401,100.02916666666667,full_resolution/frame_0490.png,downsample_2x_1080x1920/frame_0490.png,downsample_4x_540x960/frame_0490.png,downsample_8x_270x480/frame_0490.png
frame_0491,2405,100.19583333333334,full_resolution/frame_0491.png,downsample_2x_1080x1920/frame_0491.png,downsample_4x_540x960/frame_0491.png,downsample_8x_270x480/frame_0491.png
frame_0492,2410,100.40416666666667,full_resolution/frame_0492.png,downsample_2x_1080x1920/frame_0492.png,downsample_4x_540x960/frame_0492.png,downsample_8x_270x480/frame_0492.png
frame_0493,2412,100.4875,full_resolution/frame_0493.png,downsample_2x_1080x1920/frame_0493.png,downsample_4x_540x960/frame_0493.png,downsample_8x_270x480/frame_0493.png
frame_0494,2414,100.57083333333334,full_resolution/frame_0494.png,downsample_2x_1080x1920/frame_0494.png,downsample_4x_540x960/frame_0494.png,downsample_8x_270x480/frame_0494.png
frame_0495,2417,100.69583333333334,full_resolution/frame_0495.png,downsample_2x_1080x1920/frame_0495.png,downsample_4x_540x960/frame_0495.png,downsample_8x_270x480/frame_0495.png
frame_0496,2422,100.90416666666667,full_resolution/frame_0496.png,downsample_2x_1080x1920/frame_0496.png,downsample_4x_540x960/frame_0496.png,downsample_8x_270x480/frame_0496.png
frame_0497,2426,101.07083333333334,full_resolution/frame_0497.png,downsample_2x_1080x1920/frame_0497.png,downsample_4x_540x960/frame_0497.png,downsample_8x_270x480/frame_0497.png
frame_0498,2431,101.27916666666667,full_resolution/frame_0498.png,downsample_2x_1080x1920/frame_0498.png,downsample_4x_540x960/frame_0498.png,downsample_8x_270x480/frame_0498.png
frame_0499,2437,101.52916666666667,full_resolution/frame_0499.png,downsample_2x_1080x1920/frame_0499.png,downsample_4x_540x960/frame_0499.png,downsample_8x_270x480/frame_0499.png
frame_0500,2443,101.77916666666667,full_resolution/frame_0500.png,downsample_2x_1080x1920/frame_0500.png,downsample_4x_540x960/frame_0500.png,downsample_8x_270x480/frame_0500.png
