frame,previous_frame,matches,geometric_inliers
2,1,1123,1085
3,2,1035,981
4,3,996,948
5,4,853,812
6,5,788,748
7,6,819,760
8,7,1104,1075
9,8,643,587
10,9,779,727
11,10,704,576
12,11,641,602
13,12,566,469
14,13,688,649
15,14,403,358
16,15,442,408
17,16,293,236
18,17,373,309
19,18,334,295
20,19,193,165
21,20,307,277
22,21,274,255
23,22,414,383
24,23,456,431
25,24,682,652
26,25,558,509
27,26,645,576
28,27,595,548
29,28,788,773
30,29,700,676
31,30,605,557
32,31,863,848
33,32,438,366
34,33,564,532
35,34,511,483
36,35,243,223
37,36,292,285
38,37,160,144
39,38,152,142
40,39,167,156
41,40,112,103
42,41,56,50
43,42,37,36
44,43,111,106
45,44,125,119
46,45,117,112
47,46,152,143
48,47,186,181
49,48,143,135
50,49,167,156
51,50,95,87
52,51,76,69
53,52,77,70
54,53,71,63
55,54,93,82
56,55,119,111
57,56,159,150
58,57,119,103
59,58,142,120
60,59,165,125
61,60,162,129
62,61,272,261
63,62,244,216
64,63,228,216
65,64,283,247
66,65,424,401
67,66,516,473
68,67,605,554
69,68,517,461
70,69,492,463
71,70,619,566
72,71,737,706
73,72,831,805
74,73,902,885
75,74,847,811
76,75,913,896
77,76,863,829
78,77,922,904
79,78,818,784
80,79,976,953
81,80,844,791
82,81,886,858
83,82,784,757
84,83,799,706
85,84,913,841
86,85,816,779
87,86,877,810
88,87,1072,1019
89,88,634,587
90,89,659,633
91,90,414,395
92,91,357,325
93,92,549,518
94,93,251,216
95,94,70,55
96,95,76,68
97,96,165,156
98,97,152,130
99,98,213,191
100,99,155,143
101,100,159,146
102,101,168,153
103,102,156,136
104,103,177,153
105,104,230,217
106,105,277,266
107,106,255,235
108,107,244,222
109,108,241,225
110,109,368,352
111,110,351,328
112,111,370,350
113,112,282,256
114,113,320,278
115,114,432,401
116,115,413,386
117,116,400,372
118,117,287,266
119,118,381,364
120,119,312,252
121,120,225,204
122,121,231,197
123,122,257,249
124,123,240,229
125,124,244,228
126,125,486,466
127,126,541,511
128,127,787,763
129,128,555,520
130,129,744,706
131,130,563,465
132,131,408,358
133,132,413,364
134,133,359,321
135,134,442,371
136,135,449,400
137,136,470,404
138,137,335,258
139,138,498,414
140,139,336,299
141,140,184,148
142,141,276,245
143,142,215,177
144,143,217,175
145,144,123,95
146,145,193,164
147,146,213,190
148,147,330,306
149,148,459,432
150,149,272,239
151,150,132,120
152,151,54,33
153,152,2,0
154,153,36,36
155,154,66,56
156,155,92,79
157,156,363,333
158,157,553,513
159,158,477,447
160,159,527,511
161,160,1025,979
162,161,801,745
163,162,926,908
164,163,1081,1060
165,164,903,872
166,165,634,569
167,166,1073,1037
168,167,775,730
169,168,429,362
170,169,490,450
171,170,473,393
172,171,396,350
173,172,573,501
174,173,557,488
175,174,678,593
176,175,635,585
177,176,692,638
178,177,418,355
179,178,496,456
180,179,368,333
181,180,442,415
182,181,358,322
183,182,494,462
184,183,551,505
185,184,804,724
186,185,775,718
187,186,1078,1047
188,187,1121,1075
189,188,1203,1174
190,189,1157,1101
191,190,940,823
192,191,593,519
193,192,625,510
194,193,860,795
195,194,377,300
196,195,337,235
197,196,460,407
198,197,291,203
199,198,276,195
200,199,270,220
201,200,173,126
202,201,301,266
203,202,492,449
204,203,506,426
205,204,793,756
206,205,531,420
207,206,645,597
208,207,591,514
209,208,566,484
210,209,451,371
211,210,419,370
212,211,474,400
213,212,388,320
214,213,312,238
215,214,333,274
216,215,236,179
217,216,254,217
218,217,222,172
219,218,205,146
220,219,134,89
221,220,59,22
222,221,66,46
223,222,215,131
224,223,354,269
225,224,462,361
226,225,414,308
227,226,532,448
228,227,397,347
229,228,530,490
230,229,553,491
231,230,451,400
232,231,515,471
233,232,513,470
234,233,426,388
235,234,274,246
236,235,600,573
237,236,153,124
238,237,386,353
239,238,493,460
240,239,406,386
241,240,281,265
242,241,284,247
243,242,272,250
244,243,213,196
245,244,387,359
246,245,208,166
247,246,234,208
248,247,332,290
249,248,171,150
250,249,146,135
251,250,55,49
252,251,33,30
253,252,25,24
254,253,64,62
255,254,79,71
256,255,120,115
257,256,112,103
258,257,124,122
259,258,107,102
260,259,111,103
261,260,123,119
262,261,95,86
263,262,74,68
264,263,89,82
265,264,66,65
266,265,58,54
267,266,43,41
268,267,31,29
269,268,26,25
270,269,30,28
271,270,69,64
272,271,107,103
273,272,154,147
274,273,122,119
275,274,155,151
276,275,189,186
277,276,206,201
278,277,182,177
279,278,189,181
280,279,172,165
281,280,250,242
282,281,246,232
283,282,295,291
284,283,253,245
285,284,274,257
286,285,341,339
287,286,360,346
288,287,356,344
289,288,382,366
290,289,390,376
291,290,478,459
292,291,520,509
293,292,514,470
294,293,688,663
295,294,769,742
296,295,706,676
297,296,946,880
298,297,729,651
299,298,1078,1055
300,299,826,716
301,300,1048,957
302,301,936,820
303,302,756,658
304,303,678,596
305,304,657,634
306,305,615,565
307,306,579,552
308,307,349,317
309,308,589,550
310,309,727,706
311,310,586,494
312,311,642,543
313,312,894,863
314,313,787,731
315,314,889,797
316,315,930,863
317,316,876,799
318,317,862,816
319,318,869,825
320,319,903,830
321,320,992,965
322,321,946,914
323,322,939,916
324,323,938,910
325,324,930,907
326,325,882,839
327,326,864,801
328,327,809,747
329,328,852,752
330,329,937,912
331,330,740,667
332,331,925,901
333,332,838,803
334,333,804,755
335,334,833,797
336,335,811,788
337,336,849,819
338,337,817,803
339,338,800,779
340,339,829,807
341,340,793,760
342,341,818,796
343,342,814,788
344,343,734,685
345,344,694,641
346,345,652,580
347,346,926,878
348,347,815,732
349,348,954,914
350,349,850,809
351,350,830,771
352,351,902,875
353,352,812,772
354,353,1091,1065
355,354,833,762
356,355,910,862
357,356,888,835
358,357,980,933
359,358,906,829
360,359,674,586
361,360,637,619
362,361,466,418
363,362,578,517
364,363,698,674
365,364,764,708
366,365,614,525
367,366,533,482
368,367,928,914
369,368,662,614
370,369,594,528
371,370,545,493
372,371,437,396
373,372,449,387
374,373,453,393
375,374,740,690
376,375,637,541
377,376,485,369
378,377,502,418
379,378,318,256
380,379,374,294
381,380,447,413
382,381,423,372
383,382,201,155
384,383,324,314
385,384,314,293
386,385,641,612
387,386,290,258
388,387,323,268
389,388,347,308
390,389,539,487
391,390,768,713
392,391,558,477
393,392,536,480
394,393,373,309
395,394,395,354
396,395,324,278
397,396,372,301
398,397,233,179
399,398,288,250
400,399,497,443
401,400,323,280
402,401,304,264
403,402,275,235
404,403,303,255
405,404,450,430
406,405,262,204
407,406,496,481
408,407,313,274
409,408,301,280
410,409,277,249
411,410,177,147
412,411,194,164
413,412,199,176
414,413,204,178
415,414,217,173
416,415,288,268
417,416,222,181
418,417,186,145
419,418,324,276
420,419,97,62
421,420,359,327
422,421,59,38
423,422,198,162
424,423,155,122
425,424,419,396
426,425,251,196
427,426,348,303
428,427,212,173
429,428,428,420
430,429,354,341
431,430,273,229
432,431,217,202
433,432,187,178
434,433,195,190
435,434,286,282
436,435,287,280
437,436,348,336
438,437,408,395
439,438,290,282
440,439,460,438
441,440,326,302
442,441,414,391
443,442,329,286
444,443,239,196
445,444,202,154
446,445,316,288
447,446,278,263
448,447,405,383
449,448,615,594
450,449,609,581
451,450,505,460
452,451,487,444
453,452,465,417
454,453,587,546
455,454,424,375
456,455,433,380
457,456,329,299
458,457,333,289
459,458,386,349
460,459,230,199
461,460,467,457
462,461,149,140
463,462,252,236
464,463,146,138
465,464,185,163
466,465,210,179
467,466,390,380
468,467,278,224
469,468,600,570
470,469,728,686
471,470,818,790
472,471,420,367
473,472,830,780
474,473,774,727
475,474,979,925
476,475,814,750
477,476,939,853
478,477,927,855
479,478,929,891
480,479,1060,1012
481,480,963,937
482,481,831,781
483,482,734,685
484,483,620,576
485,484,476,439
486,485,477,461
487,486,708,700
488,487,562,512
489,488,804,793
490,489,546,513
491,490,387,358
492,491,301,278
493,492,303,282
494,493,281,266
495,494,183,165
496,495,137,110
497,496,176,169
498,497,207,182
499,498,247,237
500,499,351,338
